InvoiceNo,StockCode,Description,Quantity,InvoiceDate,UnitPrice,CustomerID,Country,MajorCategory,MinorCategory,OrderValue
10000,S242,Sofa,3,2024-01-29,16249,854,India,Furniture,LivingRoom,48747
10001,S323,CoffeeTable,1,2024-01-12,2152,338,Canada,Furniture,LivingRoom,2152
10002,S559,Sofa,5,2024-01-29,27693,703,UK,Furniture,LivingRoom,138465
10003,S320,Trousers,3,2024-01-20,18410,881,UK,Clothing,Bottoms,55230
10004,S452,Shirt,1,2024-04-18,23726,718,UK,Clothing,Tops,23726
10005,S400,Shoes,4,2024-03-11,5364,949,Canada,Clothing,Footwear,21456
10006,S333,Headphones,1,2024-03-25,3203,891,UK,Electronics,Accessories,3203
10007,S750,Jeans,4,2024-02-28,18417,954,UK,Clothing,Bottoms,73668
10008,S818,Coat,2,2024-02-04,44120,799,India,Clothing,Outerwear,88240
10009,S376,Chair,2,2024-02-18,30494,755,Canada,Furniture,Office,60988
10010,S924,Jacket,2,2024-01-05,54057,423,Germany,Clothing,Outerwear,108114
10011,S422,Laptop,5,2024-04-01,57633,317,Germany,Electronics,Computers,288165
10012,S862,Microwave,3,2024-02-01,9350,674,Canada,Electronics,Appliances,28050
10013,S621,Refrigerator,3,2024-01-18,14573,605,India,Electronics,Appliances,43719
10014,S532,T-shirt,2,2024-03-28,52109,710,India,Clothing,Tops,104218
10015,S981,Refrigerator,5,2024-03-11,16676,111,India,Electronics,Appliances,83380
10016,S261,DiningChair,1,2024-02-25,19434,564,India,Furniture,Dining,19434
10017,S740,DiningTable,5,2024-04-21,7173,405,Canada,Furniture,Dining,35865
10018,S652,Chair,3,2024-01-21,50171,897,Canada,Furniture,Office,150513
10019,S471,Coat,1,2024-04-28,7531,999,UK,Clothing,Outerwear,7531
10020,S849,T-shirt,5,2024-01-11,5361,597,India,Clothing,Tops,26805
10021,S371,Chair,4,2024-01-22,36231,640,Canada,Furniture,Office,144924
10022,S508,Headphones,2,2024-02-09,46923,787,UK,Electronics,Accessories,93846
10023,S446,Microwave,2,2024-01-09,14925,121,Canada,Electronics,Appliances,29850
10024,S746,Chair,1,2024-03-31,4852,160,USA,Furniture,Office,4852
10025,S385,Shirt,1,2024-01-31,33895,785,Germany,Clothing,Tops,33895
10026,S926,Trousers,2,2024-03-01,51620,516,USA,Clothing,Bottoms,103240
10027,S520,Hoodie,4,2024-02-24,23419,578,India,Clothing,Tops,93676
10028,S919,Sofa,4,2024-02-13,47924,982,India,Furniture,LivingRoom,191696
10029,S532,Jeans,5,2024-01-18,29600,287,UK,Clothing,Bottoms,148000
10030,S976,Mouse,4,2024-04-20,53154,663,India,Electronics,Accessories,212616
10031,S597,T-shirt,2,2024-02-22,11099,592,USA,Clothing,Tops,22198
10032,S371,Laptop,4,2024-02-19,341,902,Germany,Electronics,Computers,1364
10033,S322,Refrigerator,2,2024-02-07,12645,159,Canada,Electronics,Appliances,25290
10034,S588,CoffeeTable,1,2024-03-15,3486,614,Canada,Furniture,LivingRoom,3486
10035,S170,Hoodie,1,2024-01-24,55993,709,India,Clothing,Tops,55993
10036,S352,Desk,1,2024-03-13,58545,692,Canada,Furniture,Office,58545
10037,S423,Shirt,5,2024-03-07,37242,367,USA,Clothing,Tops,186210
10038,S787,DiningTable,3,2024-01-17,26138,760,UK,Furniture,Dining,78414
10039,S676,TV,1,2024-03-20,30234,202,India,Electronics,Entertainment,30234
10040,S170,Desk,2,2024-04-22,23072,350,UK,Furniture,Office,46144
10041,S726,Keyboard,5,2024-02-08,46307,926,Canada,Electronics,Accessories,231535
10042,S209,Jacket,2,2024-01-15,17532,860,Canada,Clothing,Outerwear,35064
10043,S451,Coat,5,2024-04-01,14003,308,UK,Clothing,Outerwear,70015
10044,S533,Wardrobe,1,2024-03-22,6248,949,UK,Furniture,Bedroom,6248
10045,S265,Shirt,2,2024-02-03,41953,859,Germany,Clothing,Tops,83906
10046,S807,Bed,1,2024-04-30,5131,252,Canada,Furniture,Bedroom,5131
10047,S415,Jacket,4,2024-01-06,8552,473,India,Clothing,Outerwear,34208
10048,S462,Headphones,2,2024-01-14,43908,898,Canada,Electronics,Accessories,87816
10049,S281,Mouse,2,2024-04-13,52621,522,India,Electronics,Accessories,105242
10050,S906,Coat,2,2024-01-21,17685,818,India,Clothing,Outerwear,35370
10051,S571,Desktop,2,2024-04-14,13279,458,UK,Electronics,Computers,26558
10052,S385,Jeans,2,2024-02-12,26313,985,India,Clothing,Bottoms,52626
10053,S128,Speaker,5,2024-04-30,21902,218,UK,Electronics,Entertainment,109510
10054,S453,Jacket,1,2024-02-25,39296,846,UK,Clothing,Outerwear,39296
10055,S145,Desktop,5,2024-02-02,12657,825,Germany,Electronics,Computers,63285
10056,S438,Trousers,4,2024-03-26,4785,738,UK,Clothing,Bottoms,19140
10057,S518,CoffeeTable,5,2024-03-26,20469,434,Germany,Furniture,LivingRoom,102345
10058,S488,DiningTable,2,2024-03-26,27754,793,USA,Furniture,Dining,55508
10059,S411,DiningChair,5,2024-01-01,54839,393,USA,Furniture,Dining,274195
10060,S318,Speaker,4,2024-03-27,29177,623,Germany,Electronics,Entertainment,116708
10061,S748,Chair,3,2024-03-25,33980,734,UK,Furniture,Office,101940
10062,S250,Trousers,2,2024-01-26,53058,125,India,Clothing,Bottoms,106116
10063,S744,Shoes,4,2024-04-23,27360,689,USA,Clothing,Footwear,109440
10064,S771,Wardrobe,4,2024-01-19,16189,804,India,Furniture,Bedroom,64756
10065,S630,Shoes,2,2024-03-30,52898,575,India,Clothing,Footwear,105796
10066,S575,Chair,4,2024-04-12,8938,783,Canada,Furniture,Office,35752
10067,S616,DiningChair,5,2024-04-02,53612,536,Canada,Furniture,Dining,268060
10068,S869,Headphones,4,2024-02-03,29695,353,UK,Electronics,Accessories,118780
10069,S830,Bed,3,2024-01-10,29027,392,USA,Furniture,Bedroom,87081
10070,S254,Speaker,5,2024-01-18,5480,336,Germany,Electronics,Entertainment,27400
10071,S438,Chair,1,2024-02-22,27388,655,Germany,Furniture,Office,27388
10072,S888,Laptop,4,2024-04-25,25724,698,India,Electronics,Computers,102896
10073,S871,Wardrobe,1,2024-02-08,23252,499,Germany,Furniture,Bedroom,23252
10074,S597,Desk,2,2024-02-25,18087,129,Germany,Furniture,Office,36174
10075,S646,Microwave,4,2024-03-20,8564,127,Germany,Electronics,Appliances,34256
10076,S572,Sofa,4,2024-04-20,9093,286,India,Furniture,LivingRoom,36372
10077,S445,Refrigerator,2,2024-02-11,29999,879,Germany,Electronics,Appliances,59998
10078,S867,Refrigerator,1,2024-01-03,31022,652,India,Electronics,Appliances,31022
10079,S141,Headphones,1,2024-03-24,51398,872,India,Electronics,Accessories,51398
10080,S229,Jeans,5,2024-01-31,10186,584,India,Clothing,Bottoms,50930
10081,S271,Desk,3,2024-02-17,50459,720,Canada,Furniture,Office,151377
10082,S126,Sofa,3,2024-03-15,7284,419,Canada,Furniture,LivingRoom,21852
10083,S807,Wardrobe,2,2024-03-16,5180,950,USA,Furniture,Bedroom,10360
10084,S455,Jacket,5,2024-01-06,51490,645,Germany,Clothing,Outerwear,257450
10085,S112,DiningTable,5,2024-02-13,42637,969,Germany,Furniture,Dining,213185
10086,S948,Desktop,3,2024-04-24,41853,570,USA,Electronics,Computers,125559
10087,S730,Headphones,5,2024-02-04,42828,927,Canada,Electronics,Accessories,214140
10088,S972,Refrigerator,5,2024-02-11,17789,351,India,Electronics,Appliances,88945
10089,S784,Microwave,4,2024-03-19,37545,488,UK,Electronics,Appliances,150180
10090,S463,Sandals,2,2024-01-28,32152,916,UK,Clothing,Footwear,64304
10091,S295,Speaker,5,2024-03-07,865,187,USA,Electronics,Entertainment,4325
10092,S807,Wardrobe,5,2024-01-31,49887,587,Germany,Furniture,Bedroom,249435
10093,S808,Laptop,3,2024-02-21,14722,349,UK,Electronics,Computers,44166
10094,S535,DiningChair,5,2024-02-14,34994,863,Canada,Furniture,Dining,174970
10095,S336,Speaker,3,2024-02-02,20294,223,USA,Electronics,Entertainment,60882
10096,S595,Laptop,2,2024-04-04,14380,383,Canada,Electronics,Computers,28760
10097,S469,DiningTable,2,2024-01-30,19614,283,UK,Furniture,Dining,39228
10098,S399,Trousers,1,2024-03-11,3773,814,USA,Clothing,Bottoms,3773
10099,S580,Bed,1,2024-02-06,37821,590,Germany,Furniture,Bedroom,37821
10100,S216,Mouse,3,2024-03-02,56673,941,India,Electronics,Accessories,170019
10101,S154,Microwave,5,2024-03-28,41451,255,USA,Electronics,Appliances,207255
10102,S882,DiningTable,2,2024-03-12,7962,526,Canada,Furniture,Dining,15924
10103,S404,Desk,4,2024-02-26,59739,980,Canada,Furniture,Office,238956
10104,S881,TV,5,2024-01-13,48702,312,USA,Electronics,Entertainment,243510
10105,S176,Laptop,2,2024-03-11,11591,260,India,Electronics,Computers,23182
10106,S395,Refrigerator,3,2024-01-30,2339,823,UK,Electronics,Appliances,7017
10107,S910,Bed,2,2024-04-10,17537,740,Canada,Furniture,Bedroom,35074
10108,S763,Desk,1,2024-01-29,35888,252,UK,Furniture,Office,35888
10109,S709,T-shirt,2,2024-02-09,52145,866,Canada,Clothing,Tops,104290
10110,S816,Microwave,4,2024-02-08,45333,512,UK,Electronics,Appliances,181332
10111,S542,Wardrobe,1,2024-01-06,39392,852,UK,Furniture,Bedroom,39392
10112,S956,DiningTable,1,2024-03-27,15202,981,Canada,Furniture,Dining,15202
10113,S874,CoffeeTable,5,2024-04-07,2836,279,Germany,Furniture,LivingRoom,14180
10114,S750,Wardrobe,2,2024-02-25,38560,933,Germany,Furniture,Bedroom,77120
10115,S786,Sandals,4,2024-02-11,22043,207,USA,Clothing,Footwear,88172
10116,S510,Refrigerator,3,2024-04-30,43623,933,Canada,Electronics,Appliances,130869
10117,S218,Shoes,3,2024-02-11,16741,891,Germany,Clothing,Footwear,50223
10118,S630,CoffeeTable,4,2024-01-25,3752,470,Canada,Furniture,LivingRoom,15008
10119,S234,Microwave,2,2024-03-11,17701,394,Germany,Electronics,Appliances,35402
10120,S918,Bed,1,2024-03-18,41489,345,USA,Furniture,Bedroom,41489
10121,S216,Desktop,1,2024-04-17,14925,572,India,Electronics,Computers,14925
10122,S379,Desk,3,2024-03-31,33549,525,Germany,Furniture,Office,100647
10123,S295,Keyboard,5,2024-02-19,9679,713,Canada,Electronics,Accessories,48395
10124,S974,Chair,3,2024-04-11,50838,524,UK,Furniture,Office,152514
10125,S957,DiningTable,3,2024-02-08,47782,701,Canada,Furniture,Dining,143346
10126,S453,Bed,4,2024-03-02,35496,440,Canada,Furniture,Bedroom,141984
10127,S814,Wardrobe,3,2024-01-25,57190,344,Canada,Furniture,Bedroom,171570
10128,S584,Keyboard,1,2024-04-05,21052,822,Germany,Electronics,Accessories,21052
10129,S704,Keyboard,1,2024-03-05,8473,439,India,Electronics,Accessories,8473
10130,S519,Desktop,1,2024-01-19,47546,991,USA,Electronics,Computers,47546
10131,S507,Sandals,3,2024-03-29,41045,765,India,Clothing,Footwear,123135
10132,S136,Refrigerator,4,2024-03-10,57372,732,India,Electronics,Appliances,229488
10133,S878,Jacket,1,2024-01-13,28640,748,India,Clothing,Outerwear,28640
10134,S147,Headphones,3,2024-01-04,59406,432,India,Electronics,Accessories,178218
10135,S643,Speaker,4,2024-02-01,9740,521,Canada,Electronics,Entertainment,38960
10136,S991,Chair,2,2024-03-19,5375,491,Canada,Furniture,Office,10750
10137,S572,Desk,5,2024-01-30,9579,753,UK,Furniture,Office,47895
10138,S793,TV,4,2024-02-06,59261,659,USA,Electronics,Entertainment,237044
10139,S534,Sandals,5,2024-03-22,19805,806,UK,Clothing,Footwear,99025
10140,S209,TV,4,2024-03-02,56124,342,Germany,Electronics,Entertainment,224496
10141,S774,DiningChair,3,2024-04-16,1637,505,UK,Furniture,Dining,4911
10142,S393,Hoodie,4,2024-04-25,54780,894,USA,Clothing,Tops,219120
10143,S794,DiningTable,2,2024-02-02,40890,873,USA,Furniture,Dining,81780
10144,S134,Sofa,3,2024-02-26,51882,693,UK,Furniture,LivingRoom,155646
10145,S525,Chair,3,2024-04-05,21611,279,USA,Furniture,Office,64833
10146,S944,Coat,2,2024-04-26,17040,593,UK,Clothing,Outerwear,34080
10147,S872,DiningTable,4,2024-01-19,5134,331,Germany,Furniture,Dining,20536
10148,S649,DiningTable,4,2024-02-03,1112,226,Germany,Furniture,Dining,4448
10149,S339,Speaker,3,2024-03-27,7300,582,India,Electronics,Entertainment,21900
10150,S575,DiningTable,1,2024-04-15,41841,817,UK,Furniture,Dining,41841
10151,S411,Bed,2,2024-01-05,3171,604,India,Furniture,Bedroom,6342
10152,S786,Jeans,4,2024-02-17,29929,860,Canada,Clothing,Bottoms,119716
10153,S730,Keyboard,1,2024-03-03,54836,517,UK,Electronics,Accessories,54836
10154,S975,Jacket,4,2024-01-31,29343,471,India,Clothing,Outerwear,117372
10155,S294,DiningChair,1,2024-02-05,26292,225,Germany,Furniture,Dining,26292
10156,S349,Jeans,1,2024-02-12,51763,228,Canada,Clothing,Bottoms,51763
10157,S932,Hoodie,2,2024-01-28,38629,990,USA,Clothing,Tops,77258
10158,S248,Headphones,1,2024-04-19,18371,233,Canada,Electronics,Accessories,18371
10159,S466,Mouse,1,2024-01-02,8837,908,USA,Electronics,Accessories,8837
10160,S229,DiningTable,2,2024-01-07,17591,859,Germany,Furniture,Dining,35182
10161,S470,Sofa,4,2024-04-09,29578,625,Canada,Furniture,LivingRoom,118312
10162,S902,Shoes,5,2024-04-03,3041,987,Canada,Clothing,Footwear,15205
10163,S511,Microwave,1,2024-04-18,31590,536,India,Electronics,Appliances,31590
10164,S251,Microwave,1,2024-03-18,21309,167,USA,Electronics,Appliances,21309
10165,S564,Speaker,5,2024-02-07,34970,617,Canada,Electronics,Entertainment,174850
10166,S320,Laptop,5,2024-04-20,47440,540,Germany,Electronics,Computers,237200
10167,S847,Sandals,4,2024-02-23,26331,197,UK,Clothing,Footwear,105324
10168,S585,Speaker,3,2024-03-28,10203,168,India,Electronics,Entertainment,30609
10169,S481,Shirt,1,2024-04-04,48997,931,USA,Clothing,Tops,48997
10170,S994,CoffeeTable,1,2024-02-15,27122,781,Germany,Furniture,LivingRoom,27122
10171,S206,CoffeeTable,5,2024-02-15,20676,691,Canada,Furniture,LivingRoom,103380
10172,S458,Trousers,2,2024-01-14,55727,965,Canada,Clothing,Bottoms,111454
10173,S539,Desktop,5,2024-04-13,15021,965,Canada,Electronics,Computers,75105
10174,S819,CoffeeTable,1,2024-02-04,12023,880,UK,Furniture,LivingRoom,12023
10175,S679,TV,2,2024-01-19,57207,773,Germany,Electronics,Entertainment,114414
10176,S320,Jeans,1,2024-03-08,49097,485,Germany,Clothing,Bottoms,49097
10177,S432,TV,3,2024-04-02,20623,895,Canada,Electronics,Entertainment,61869
10178,S732,Sofa,2,2024-04-06,10516,150,India,Furniture,LivingRoom,21032
10179,S524,Refrigerator,4,2024-02-26,39985,379,USA,Electronics,Appliances,159940
10180,S794,CoffeeTable,4,2024-02-06,7467,794,Canada,Furniture,LivingRoom,29868
10181,S156,TV,2,2024-03-17,26103,107,USA,Electronics,Entertainment,52206
10182,S222,Mouse,3,2024-02-11,19169,107,Germany,Electronics,Accessories,57507
10183,S820,Bed,2,2024-03-09,25117,335,Canada,Furniture,Bedroom,50234
10184,S143,DiningTable,4,2024-04-04,56676,546,India,Furniture,Dining,226704
10185,S514,Desktop,5,2024-03-14,28333,826,Germany,Electronics,Computers,141665
10186,S920,Desktop,1,2024-01-22,21484,732,Germany,Electronics,Computers,21484
10187,S349,DiningTable,4,2024-01-14,55544,546,Canada,Furniture,Dining,222176
10188,S326,Desktop,3,2024-02-13,49077,441,USA,Electronics,Computers,147231
10189,S894,Hoodie,5,2024-04-25,12907,457,UK,Clothing,Tops,64535
10190,S302,Chair,1,2024-02-02,9797,277,Canada,Furniture,Office,9797
10191,S677,T-shirt,4,2024-04-06,30605,878,Canada,Clothing,Tops,122420
10192,S580,Speaker,2,2024-01-09,29020,552,UK,Electronics,Entertainment,58040
10193,S572,Desktop,5,2024-02-09,5062,562,India,Electronics,Computers,25310
10194,S975,Coat,1,2024-04-20,42448,192,Canada,Clothing,Outerwear,42448
10195,S856,Wardrobe,5,2024-04-11,36527,142,Germany,Furniture,Bedroom,182635
10196,S254,Desk,5,2024-03-05,31370,163,Germany,Furniture,Office,156850
10197,S140,Jacket,5,2024-01-23,42544,353,Germany,Clothing,Outerwear,212720
10198,S518,Keyboard,3,2024-02-19,18739,893,UK,Electronics,Accessories,56217
10199,S671,CoffeeTable,1,2024-01-13,21806,794,Germany,Furniture,LivingRoom,21806
10200,S779,TV,3,2024-03-15,5541,244,UK,Electronics,Entertainment,16623
10201,S186,Microwave,5,2024-04-30,46654,417,Canada,Electronics,Appliances,233270
10202,S786,TV,5,2024-03-23,6324,533,Canada,Electronics,Entertainment,31620
10203,S449,Desktop,3,2024-01-28,12013,884,Germany,Electronics,Computers,36039
10204,S964,Jeans,2,2024-02-07,5257,907,India,Clothing,Bottoms,10514
10205,S485,CoffeeTable,5,2024-03-17,8788,257,USA,Furniture,LivingRoom,43940
10206,S792,Trousers,1,2024-02-16,27126,836,USA,Clothing,Bottoms,27126
10207,S416,Speaker,2,2024-01-31,35196,928,Germany,Electronics,Entertainment,70392
10208,S896,Coat,4,2024-02-06,50625,491,Canada,Clothing,Outerwear,202500
10209,S241,Bed,2,2024-03-18,52711,993,UK,Furniture,Bedroom,105422
10210,S966,Sandals,5,2024-04-01,6923,628,India,Clothing,Footwear,34615
10211,S625,Laptop,3,2024-04-25,29646,250,Germany,Electronics,Computers,88938
10212,S154,Trousers,3,2024-02-23,1947,505,Canada,Clothing,Bottoms,5841
10213,S128,Keyboard,1,2024-01-29,24770,426,India,Electronics,Accessories,24770
10214,S949,DiningTable,2,2024-02-06,2710,583,USA,Furniture,Dining,5420
10215,S181,Wardrobe,5,2024-04-25,544,119,UK,Furniture,Bedroom,2720
10216,S343,Trousers,1,2024-02-06,51067,408,India,Clothing,Bottoms,51067
10217,S213,Trousers,5,2024-01-09,30157,956,Germany,Clothing,Bottoms,150785
10218,S101,Sofa,2,2024-02-24,19288,729,UK,Furniture,LivingRoom,38576
10219,S169,Shoes,1,2024-02-16,34507,638,Canada,Clothing,Footwear,34507
10220,S496,CoffeeTable,4,2024-03-22,3053,482,UK,Furniture,LivingRoom,12212
10221,S850,CoffeeTable,1,2024-01-31,22796,772,India,Furniture,LivingRoom,22796
10222,S446,DiningTable,1,2024-03-10,23288,933,USA,Furniture,Dining,23288
10223,S164,Wardrobe,2,2024-01-18,53382,833,Germany,Furniture,Bedroom,106764
10224,S142,Jacket,1,2024-01-26,52046,423,UK,Clothing,Outerwear,52046
10225,S762,Wardrobe,3,2024-04-06,2599,295,UK,Furniture,Bedroom,7797
10226,S476,Desktop,3,2024-04-12,8357,547,Germany,Electronics,Computers,25071
10227,S808,Wardrobe,3,2024-03-04,12443,609,UK,Furniture,Bedroom,37329
10228,S716,DiningTable,4,2024-02-25,5372,942,USA,Furniture,Dining,21488
10229,S776,DiningChair,1,2024-02-11,5447,402,UK,Furniture,Dining,5447
10230,S143,Microwave,4,2024-02-27,23238,844,UK,Electronics,Appliances,92952
10231,S752,Wardrobe,1,2024-03-26,5117,515,UK,Furniture,Bedroom,5117
10232,S794,Chair,2,2024-03-18,55818,900,Germany,Furniture,Office,111636
10233,S475,Jeans,2,2024-03-23,51220,470,Germany,Clothing,Bottoms,102440
10234,S554,Sofa,4,2024-02-17,24511,881,India,Furniture,LivingRoom,98044
10235,S385,Desk,4,2024-03-24,20803,355,India,Furniture,Office,83212
10236,S675,Trousers,5,2024-04-26,25561,220,UK,Clothing,Bottoms,127805
10237,S602,Microwave,5,2024-03-29,18915,304,India,Electronics,Appliances,94575
10238,S555,Shirt,2,2024-04-01,59095,189,UK,Clothing,Tops,118190
10239,S407,DiningTable,5,2024-02-07,35731,971,USA,Furniture,Dining,178655
10240,S305,Desk,5,2024-01-16,14895,911,USA,Furniture,Office,74475
10241,S477,Shoes,3,2024-03-14,36508,578,Canada,Clothing,Footwear,109524
10242,S836,T-shirt,3,2024-04-01,26293,590,Canada,Clothing,Tops,78879
10243,S175,Microwave,2,2024-03-23,20976,560,Germany,Electronics,Appliances,41952
10244,S286,DiningTable,5,2024-03-16,42129,886,USA,Furniture,Dining,210645
10245,S268,Laptop,5,2024-02-08,10228,265,UK,Electronics,Computers,51140
10246,S966,Desk,5,2024-02-06,58849,180,UK,Furniture,Office,294245
10247,S195,Jacket,3,2024-03-09,40467,614,USA,Clothing,Outerwear,121401
10248,S719,Chair,5,2024-04-25,47427,445,Canada,Furniture,Office,237135
10249,S690,T-shirt,1,2024-04-08,42238,371,USA,Clothing,Tops,42238
10250,S658,Bed,4,2024-03-21,58461,396,UK,Furniture,Bedroom,233844
10251,S174,Headphones,4,2024-02-28,19692,805,India,Electronics,Accessories,78768
10252,S448,Sandals,4,2024-01-27,30637,721,USA,Clothing,Footwear,122548
10253,S479,Speaker,4,2024-04-07,8769,627,Canada,Electronics,Entertainment,35076
10254,S560,Jacket,4,2024-02-04,8229,353,USA,Clothing,Outerwear,32916
10255,S528,Shirt,4,2024-03-19,56833,354,USA,Clothing,Tops,227332
10256,S578,TV,2,2024-03-06,32854,610,UK,Electronics,Entertainment,65708
10257,S346,Laptop,4,2024-02-28,33324,320,Canada,Electronics,Computers,133296
10258,S963,Laptop,3,2024-03-17,32633,769,Germany,Electronics,Computers,97899
10259,S370,Laptop,4,2024-04-22,8977,844,UK,Electronics,Computers,35908
10260,S675,TV,4,2024-03-13,3552,299,UK,Electronics,Entertainment,14208
10261,S882,DiningTable,4,2024-02-27,33246,663,UK,Furniture,Dining,132984
10262,S913,Sofa,1,2024-02-17,26014,447,Canada,Furniture,LivingRoom,26014
10263,S612,Mouse,5,2024-02-21,33565,141,India,Electronics,Accessories,167825
10264,S252,Trousers,4,2024-02-28,34234,720,Canada,Clothing,Bottoms,136936
10265,S857,Coat,2,2024-03-19,25952,962,UK,Clothing,Outerwear,51904
10266,S935,DiningChair,5,2024-03-01,19847,117,UK,Furniture,Dining,99235
10267,S842,Desktop,5,2024-04-11,20363,993,India,Electronics,Computers,101815
10268,S838,Wardrobe,5,2024-01-30,38055,152,Canada,Furniture,Bedroom,190275
10269,S489,Headphones,5,2024-04-17,50964,251,USA,Electronics,Accessories,254820
10270,S528,T-shirt,1,2024-02-10,29103,255,Germany,Clothing,Tops,29103
10271,S582,Desk,5,2024-03-19,50988,993,India,Furniture,Office,254940
10272,S589,Chair,5,2024-03-25,21502,638,Germany,Furniture,Office,107510
10273,S462,Keyboard,5,2024-03-10,22634,792,UK,Electronics,Accessories,113170
10274,S405,Bed,2,2024-03-12,18484,330,UK,Furniture,Bedroom,36968
10275,S457,Headphones,4,2024-03-02,20977,673,UK,Electronics,Accessories,83908
10276,S891,Desktop,4,2024-02-14,53833,923,USA,Electronics,Computers,215332
10277,S552,Desktop,1,2024-04-28,22899,771,UK,Electronics,Computers,22899
10278,S377,Bed,2,2024-03-09,54460,675,UK,Furniture,Bedroom,108920
10279,S151,Hoodie,5,2024-02-01,15881,785,Canada,Clothing,Tops,79405
10280,S834,Jeans,1,2024-02-12,27286,583,India,Clothing,Bottoms,27286
10281,S768,Chair,5,2024-02-22,10550,999,Germany,Furniture,Office,52750
10282,S160,Keyboard,3,2024-03-23,18904,887,India,Electronics,Accessories,56712
10283,S957,Chair,2,2024-04-22,27586,280,India,Furniture,Office,55172
10284,S109,Microwave,3,2024-01-05,57658,405,Canada,Electronics,Appliances,172974
10285,S656,CoffeeTable,3,2024-03-23,29976,636,Germany,Furniture,LivingRoom,89928
10286,S438,Sandals,2,2024-01-15,53206,266,Germany,Clothing,Footwear,106412
10287,S909,DiningTable,1,2024-02-13,48474,402,Canada,Furniture,Dining,48474
10288,S515,Chair,5,2024-03-22,56308,946,Germany,Furniture,Office,281540
10289,S289,DiningTable,4,2024-01-13,44060,243,Germany,Furniture,Dining,176240
10290,S557,Mouse,3,2024-01-31,25337,871,UK,Electronics,Accessories,76011
10291,S809,TV,3,2024-02-16,43039,341,India,Electronics,Entertainment,129117
10292,S802,CoffeeTable,3,2024-02-21,10667,614,UK,Furniture,LivingRoom,32001
10293,S324,CoffeeTable,3,2024-01-29,40480,236,Germany,Furniture,LivingRoom,121440
10294,S582,Sandals,4,2024-03-11,46202,875,Canada,Clothing,Footwear,184808
10295,S183,Chair,5,2024-04-10,57421,638,Germany,Furniture,Office,287105
10296,S948,DiningTable,5,2024-01-08,7553,660,Canada,Furniture,Dining,37765
10297,S552,Jeans,3,2024-03-07,56199,219,USA,Clothing,Bottoms,168597
10298,S156,Bed,5,2024-04-13,29395,564,USA,Furniture,Bedroom,146975
10299,S573,Wardrobe,5,2024-03-12,3983,788,UK,Furniture,Bedroom,19915
10300,S863,CoffeeTable,3,2024-01-01,53707,323,Canada,Furniture,LivingRoom,161121
10301,S654,Shirt,3,2024-01-09,46100,161,India,Clothing,Tops,138300
10302,S238,Desktop,4,2024-04-08,11995,884,Germany,Electronics,Computers,47980
10303,S799,Refrigerator,4,2024-01-11,24818,777,Canada,Electronics,Appliances,99272
10304,S641,Jacket,2,2024-02-20,35409,230,USA,Clothing,Outerwear,70818
10305,S657,Shirt,4,2024-04-02,44338,534,Canada,Clothing,Tops,177352
10306,S382,Mouse,4,2024-01-20,22885,293,India,Electronics,Accessories,91540
10307,S203,Shoes,2,2024-01-09,13705,708,India,Clothing,Footwear,27410
10308,S339,Laptop,1,2024-02-26,26562,652,USA,Electronics,Computers,26562
10309,S849,Trousers,2,2024-04-27,53663,689,UK,Clothing,Bottoms,107326
10310,S776,DiningTable,3,2024-01-19,57626,633,USA,Furniture,Dining,172878
10311,S852,Speaker,1,2024-03-16,36685,279,Germany,Electronics,Entertainment,36685
10312,S490,Bed,3,2024-03-26,42360,904,Canada,Furniture,Bedroom,127080
10313,S288,Refrigerator,2,2024-02-18,19853,872,Canada,Electronics,Appliances,39706
10314,S247,Mouse,3,2024-03-31,56399,925,Germany,Electronics,Accessories,169197
10315,S497,Sandals,5,2024-01-18,34933,348,UK,Clothing,Footwear,174665
10316,S194,Jacket,4,2024-02-17,55717,648,USA,Clothing,Outerwear,222868
10317,S994,Coat,5,2024-01-06,39713,174,USA,Clothing,Outerwear,198565
10318,S440,Desk,2,2024-04-26,57181,410,India,Furniture,Office,114362
10319,S718,Jeans,4,2024-03-30,16098,820,USA,Clothing,Bottoms,64392
10320,S489,Headphones,3,2024-02-06,51024,577,Canada,Electronics,Accessories,153072
10321,S609,DiningChair,3,2024-03-06,23769,577,India,Furniture,Dining,71307
10322,S523,Wardrobe,2,2024-02-10,24494,146,Canada,Furniture,Bedroom,48988
10323,S698,Jeans,3,2024-04-29,36461,693,Germany,Clothing,Bottoms,109383
10324,S683,Mouse,3,2024-02-18,15274,953,USA,Electronics,Accessories,45822
10325,S857,Speaker,4,2024-03-23,47619,602,Germany,Electronics,Entertainment,190476
10326,S600,Jacket,2,2024-03-10,47406,288,Canada,Clothing,Outerwear,94812
10327,S149,Sofa,1,2024-03-26,53808,882,India,Furniture,LivingRoom,53808
10328,S254,Headphones,2,2024-03-31,4654,109,USA,Electronics,Accessories,9308
10329,S782,Wardrobe,1,2024-03-22,40690,731,Germany,Furniture,Bedroom,40690
10330,S521,Bed,1,2024-03-11,35079,112,India,Furniture,Bedroom,35079
10331,S814,DiningChair,1,2024-04-14,33113,790,Germany,Furniture,Dining,33113
10332,S296,T-shirt,5,2024-01-31,9958,734,Canada,Clothing,Tops,49790
10333,S515,Speaker,4,2024-02-17,5378,570,Canada,Electronics,Entertainment,21512
10334,S765,Trousers,1,2024-04-19,43043,877,India,Clothing,Bottoms,43043
10335,S157,Sandals,4,2024-03-01,36421,752,India,Clothing,Footwear,145684
10336,S760,Chair,4,2024-02-25,55599,903,UK,Furniture,Office,222396
10337,S988,Sofa,2,2024-04-25,14055,808,Canada,Furniture,LivingRoom,28110
10338,S387,TV,1,2024-04-28,45054,656,Canada,Electronics,Entertainment,45054
10339,S701,Sofa,3,2024-01-27,1226,247,Germany,Furniture,LivingRoom,3678
10340,S954,Jacket,5,2024-03-13,15959,969,Germany,Clothing,Outerwear,79795
10341,S841,DiningChair,2,2024-03-29,52006,180,Canada,Furniture,Dining,104012
10342,S958,DiningTable,1,2024-01-30,28845,177,UK,Furniture,Dining,28845
10343,S902,Wardrobe,1,2024-02-04,41757,561,Germany,Furniture,Bedroom,41757
10344,S699,Coat,4,2024-03-28,12372,776,Germany,Clothing,Outerwear,49488
10345,S257,Jacket,1,2024-02-04,5576,489,USA,Clothing,Outerwear,5576
10346,S105,Wardrobe,3,2024-01-12,7182,415,Germany,Furniture,Bedroom,21546
10347,S541,TV,2,2024-01-24,5921,559,Canada,Electronics,Entertainment,11842
10348,S667,Bed,1,2024-02-15,6073,195,Canada,Furniture,Bedroom,6073
10349,S497,DiningChair,1,2024-02-22,19326,897,India,Furniture,Dining,19326
10350,S375,Chair,4,2024-01-18,11308,408,UK,Furniture,Office,45232
10351,S531,Mouse,2,2024-02-05,28686,406,Germany,Electronics,Accessories,57372
10352,S607,Coat,2,2024-03-21,47444,708,Canada,Clothing,Outerwear,94888
10353,S505,Shoes,2,2024-01-01,20166,440,Canada,Clothing,Footwear,40332
10354,S943,Speaker,3,2024-04-14,28420,980,Canada,Electronics,Entertainment,85260
10355,S590,Coat,5,2024-01-26,45766,421,USA,Clothing,Outerwear,228830
10356,S348,Speaker,4,2024-04-10,37940,433,Germany,Electronics,Entertainment,151760
10357,S706,Refrigerator,1,2024-01-26,37152,658,USA,Electronics,Appliances,37152
10358,S398,CoffeeTable,2,2024-04-12,28934,951,India,Furniture,LivingRoom,57868
10359,S774,Microwave,3,2024-02-02,16061,257,Germany,Electronics,Appliances,48183
10360,S510,Desktop,5,2024-03-15,31607,647,Canada,Electronics,Computers,158035
10361,S931,Bed,3,2024-04-24,46182,649,Canada,Furniture,Bedroom,138546
10362,S463,Sofa,2,2024-03-26,43296,270,Canada,Furniture,LivingRoom,86592
10363,S200,Sandals,4,2024-01-02,7143,364,USA,Clothing,Footwear,28572
10364,S890,Desk,3,2024-02-29,25833,795,Canada,Furniture,Office,77499
10365,S402,Desk,1,2024-01-14,31838,525,India,Furniture,Office,31838
10366,S903,Trousers,3,2024-02-28,22683,311,Canada,Clothing,Bottoms,68049
10367,S813,Speaker,1,2024-04-02,28915,563,UK,Electronics,Entertainment,28915
10368,S451,Jacket,1,2024-04-18,1680,763,India,Clothing,Outerwear,1680
10369,S263,Chair,5,2024-03-11,11632,438,Canada,Furniture,Office,58160
10370,S290,Microwave,4,2024-01-24,41471,755,Germany,Electronics,Appliances,165884
10371,S498,Laptop,4,2024-02-24,39010,104,USA,Electronics,Computers,156040
10372,S992,Jacket,5,2024-04-12,6868,649,USA,Clothing,Outerwear,34340
10373,S786,TV,4,2024-02-03,7668,983,Germany,Electronics,Entertainment,30672
10374,S216,DiningChair,5,2024-03-16,25925,456,UK,Furniture,Dining,129625
10375,S186,Headphones,3,2024-03-16,40470,788,USA,Electronics,Accessories,121410
10376,S482,Laptop,3,2024-01-24,7864,810,USA,Electronics,Computers,23592
10377,S492,Wardrobe,5,2024-03-14,9235,533,USA,Furniture,Bedroom,46175
10378,S243,Headphones,2,2024-02-06,32289,291,UK,Electronics,Accessories,64578
10379,S299,Desktop,1,2024-01-18,31959,934,Germany,Electronics,Computers,31959
10380,S960,Wardrobe,4,2024-03-31,27438,554,Germany,Furniture,Bedroom,109752
10381,S325,Hoodie,1,2024-04-07,52358,399,India,Clothing,Tops,52358
10382,S568,Headphones,3,2024-04-09,11223,679,Germany,Electronics,Accessories,33669
10383,S943,Sofa,3,2024-03-10,50997,475,Canada,Furniture,LivingRoom,152991
10384,S949,Shoes,4,2024-04-04,6911,769,USA,Clothing,Footwear,27644
10385,S936,Desktop,3,2024-04-20,23044,189,Germany,Electronics,Computers,69132
10386,S981,Jeans,5,2024-02-14,45363,827,Canada,Clothing,Bottoms,226815
10387,S311,Bed,5,2024-04-10,9324,933,USA,Furniture,Bedroom,46620
10388,S431,Coat,5,2024-01-22,35508,820,UK,Clothing,Outerwear,177540
10389,S521,TV,2,2024-04-10,49358,160,UK,Electronics,Entertainment,98716
10390,S429,Chair,2,2024-04-01,9784,948,USA,Furniture,Office,19568
10391,S375,Wardrobe,2,2024-03-21,38042,742,Germany,Furniture,Bedroom,76084
10392,S867,Microwave,1,2024-03-06,26601,384,UK,Electronics,Appliances,26601
10393,S892,Refrigerator,5,2024-04-21,362,967,India,Electronics,Appliances,1810
10394,S507,Wardrobe,1,2024-03-09,52345,323,Germany,Furniture,Bedroom,52345
10395,S445,Sandals,3,2024-02-06,54486,660,Canada,Clothing,Footwear,163458
10396,S741,Sandals,1,2024-01-13,3210,902,Germany,Clothing,Footwear,3210
10397,S538,T-shirt,4,2024-01-01,30118,307,USA,Clothing,Tops,120472
10398,S469,DiningTable,3,2024-03-24,6317,356,India,Furniture,Dining,18951
10399,S843,Mouse,4,2024-02-09,41199,816,USA,Electronics,Accessories,164796
10400,S179,Laptop,1,2024-03-02,14186,235,Canada,Electronics,Computers,14186
10401,S936,Shoes,1,2024-02-13,45786,223,Germany,Clothing,Footwear,45786
10402,S191,Desk,1,2024-02-19,15204,848,India,Furniture,Office,15204
10403,S892,Coat,3,2024-02-18,9186,932,USA,Clothing,Outerwear,27558
10404,S724,Chair,5,2024-01-02,37115,765,USA,Furniture,Office,185575
10405,S803,TV,2,2024-03-19,27181,553,USA,Electronics,Entertainment,54362
10406,S493,T-shirt,1,2024-04-03,38838,459,Germany,Clothing,Tops,38838
10407,S354,Mouse,3,2024-01-11,42445,666,Canada,Electronics,Accessories,127335
10408,S721,DiningTable,3,2024-03-07,13664,621,USA,Furniture,Dining,40992
10409,S912,Wardrobe,1,2024-04-24,51567,345,Germany,Furniture,Bedroom,51567
10410,S172,Laptop,4,2024-03-17,42017,640,India,Electronics,Computers,168068
10411,S682,TV,4,2024-04-17,56614,530,UK,Electronics,Entertainment,226456
10412,S169,Desk,1,2024-03-16,1293,114,UK,Furniture,Office,1293
10413,S743,T-shirt,4,2024-02-06,33401,829,Canada,Clothing,Tops,133604
10414,S650,Refrigerator,1,2024-03-09,42178,730,USA,Electronics,Appliances,42178
10415,S308,Desktop,1,2024-04-27,33708,927,USA,Electronics,Computers,33708
10416,S954,DiningChair,5,2024-04-07,41769,765,India,Furniture,Dining,208845
10417,S544,Microwave,1,2024-01-12,16222,218,Germany,Electronics,Appliances,16222
10418,S824,CoffeeTable,2,2024-01-02,8027,240,India,Furniture,LivingRoom,16054
10419,S942,Sandals,5,2024-04-10,34096,838,UK,Clothing,Footwear,170480
10420,S220,Jacket,3,2024-04-23,48233,889,India,Clothing,Outerwear,144699
10421,S829,Refrigerator,5,2024-02-03,4385,690,India,Electronics,Appliances,21925
10422,S680,Refrigerator,1,2024-04-19,32942,270,UK,Electronics,Appliances,32942
10423,S218,Jacket,5,2024-04-02,44379,333,Canada,Clothing,Outerwear,221895
10424,S472,T-shirt,2,2024-03-01,3213,492,USA,Clothing,Tops,6426
10425,S354,Hoodie,4,2024-02-11,14913,526,UK,Clothing,Tops,59652
10426,S153,Desktop,1,2024-03-27,33101,283,USA,Electronics,Computers,33101
10427,S986,CoffeeTable,1,2024-02-29,57674,389,UK,Furniture,LivingRoom,57674
10428,S398,Desktop,1,2024-01-26,24377,677,UK,Electronics,Computers,24377
10429,S891,Desk,3,2024-03-04,38977,894,USA,Furniture,Office,116931
10430,S338,Chair,1,2024-01-04,27072,654,UK,Furniture,Office,27072
10431,S485,CoffeeTable,1,2024-03-25,49937,969,UK,Furniture,LivingRoom,49937
10432,S245,Jeans,4,2024-01-08,32445,828,UK,Clothing,Bottoms,129780
10433,S481,T-shirt,5,2024-03-30,27270,569,India,Clothing,Tops,136350
10434,S681,Sofa,4,2024-03-16,5104,163,Germany,Furniture,LivingRoom,20416
10435,S422,Chair,3,2024-04-18,17304,920,Germany,Furniture,Office,51912
10436,S176,DiningChair,4,2024-01-30,18022,307,USA,Furniture,Dining,72088
10437,S577,Sofa,1,2024-02-27,10972,421,Germany,Furniture,LivingRoom,10972
10438,S371,Jacket,4,2024-02-29,20405,972,India,Clothing,Outerwear,81620
10439,S955,Trousers,5,2024-01-28,2843,977,UK,Clothing,Bottoms,14215
10440,S625,Hoodie,2,2024-02-20,23513,150,UK,Clothing,Tops,47026
10441,S669,Mouse,4,2024-02-27,56207,866,Canada,Electronics,Accessories,224828
10442,S243,Shirt,1,2024-04-11,52884,224,India,Clothing,Tops,52884
10443,S481,Jeans,2,2024-02-21,54180,802,India,Clothing,Bottoms,108360
10444,S761,DiningTable,1,2024-01-26,4425,554,USA,Furniture,Dining,4425
10445,S272,Jacket,1,2024-01-07,30411,687,Germany,Clothing,Outerwear,30411
10446,S536,Wardrobe,1,2024-03-28,25282,276,UK,Furniture,Bedroom,25282
10447,S252,Trousers,3,2024-04-23,29429,135,Canada,Clothing,Bottoms,88287
10448,S663,Desk,4,2024-04-22,27200,590,India,Furniture,Office,108800
10449,S758,Coat,2,2024-01-26,27674,916,Canada,Clothing,Outerwear,55348
10450,S900,Shirt,3,2024-03-10,31636,596,UK,Clothing,Tops,94908
10451,S426,DiningChair,3,2024-01-04,11984,711,USA,Furniture,Dining,35952
10452,S885,Jacket,4,2024-02-15,34896,698,USA,Clothing,Outerwear,139584
10453,S935,T-shirt,2,2024-03-09,17667,910,India,Clothing,Tops,35334
10454,S706,Sandals,2,2024-01-31,11740,425,UK,Clothing,Footwear,23480
10455,S676,CoffeeTable,5,2024-01-19,37136,292,Germany,Furniture,LivingRoom,185680
10456,S157,DiningTable,4,2024-01-12,2687,338,Canada,Furniture,Dining,10748
10457,S728,Hoodie,4,2024-02-12,244,306,USA,Clothing,Tops,976
10458,S700,Keyboard,1,2024-01-19,1636,821,USA,Electronics,Accessories,1636
10459,S778,Jacket,3,2024-04-30,46372,505,Canada,Clothing,Outerwear,139116
10460,S849,Coat,3,2024-01-21,9142,547,Germany,Clothing,Outerwear,27426
10461,S728,DiningTable,5,2024-04-23,45653,905,UK,Furniture,Dining,228265
10462,S401,Trousers,3,2024-03-29,48303,230,USA,Clothing,Bottoms,144909
10463,S716,CoffeeTable,5,2024-01-24,2322,425,Canada,Furniture,LivingRoom,11610
10464,S179,Shirt,2,2024-04-05,21903,343,UK,Clothing,Tops,43806
10465,S786,Headphones,1,2024-03-31,54048,754,UK,Electronics,Accessories,54048
10466,S169,Desktop,2,2024-03-29,16553,458,UK,Electronics,Computers,33106
10467,S529,T-shirt,4,2024-04-03,28919,270,Germany,Clothing,Tops,115676
10468,S948,Refrigerator,5,2024-01-13,24798,590,Canada,Electronics,Appliances,123990
10469,S966,Chair,4,2024-04-12,5030,134,UK,Furniture,Office,20120
10470,S274,Coat,1,2024-02-13,5062,484,USA,Clothing,Outerwear,5062
10471,S594,Sofa,3,2024-03-19,39130,821,India,Furniture,LivingRoom,117390
10472,S203,Headphones,4,2024-01-07,10495,439,USA,Electronics,Accessories,41980
10473,S198,Sandals,3,2024-01-31,19690,150,Germany,Clothing,Footwear,59070
10474,S537,Bed,1,2024-01-01,23847,189,UK,Furniture,Bedroom,23847
10475,S274,Bed,1,2024-01-27,1886,753,UK,Furniture,Bedroom,1886
10476,S582,Shoes,3,2024-02-20,51637,600,UK,Clothing,Footwear,154911
10477,S478,Shoes,3,2024-02-18,58231,291,Germany,Clothing,Footwear,174693
10478,S957,Coat,4,2024-01-29,17462,375,Canada,Clothing,Outerwear,69848
10479,S927,Jeans,1,2024-02-14,43987,654,Germany,Clothing,Bottoms,43987
10480,S528,Chair,4,2024-03-07,53835,648,Germany,Furniture,Office,215340
10481,S974,Desk,3,2024-02-20,5374,831,India,Furniture,Office,16122
10482,S316,Chair,4,2024-01-22,11529,927,USA,Furniture,Office,46116
10483,S306,Shirt,1,2024-02-25,44969,942,USA,Clothing,Tops,44969
10484,S669,DiningChair,1,2024-02-19,5903,506,Canada,Furniture,Dining,5903
10485,S738,Speaker,1,2024-03-30,51747,701,Canada,Electronics,Entertainment,51747
10486,S702,Desktop,2,2024-03-13,9912,696,India,Electronics,Computers,19824
10487,S998,Shirt,5,2024-02-14,57880,520,UK,Clothing,Tops,289400
10488,S512,Refrigerator,1,2024-02-05,11485,247,Canada,Electronics,Appliances,11485
10489,S439,Bed,4,2024-04-22,58499,807,USA,Furniture,Bedroom,233996
10490,S937,Sandals,3,2024-02-13,1525,912,UK,Clothing,Footwear,4575
10491,S237,Speaker,1,2024-01-30,57144,407,Germany,Electronics,Entertainment,57144
10492,S292,Speaker,5,2024-01-12,42507,552,USA,Electronics,Entertainment,212535
10493,S262,Refrigerator,1,2024-04-11,33968,167,UK,Electronics,Appliances,33968
10494,S129,Bed,5,2024-03-13,57827,277,USA,Furniture,Bedroom,289135
10495,S469,T-shirt,1,2024-01-07,30113,821,USA,Clothing,Tops,30113
10496,S226,Speaker,5,2024-03-22,26214,797,India,Electronics,Entertainment,131070
10497,S991,Coat,5,2024-01-23,29435,585,Canada,Clothing,Outerwear,147175
10498,S364,DiningChair,2,2024-04-24,55096,866,India,Furniture,Dining,110192
10499,S685,Desktop,1,2024-04-19,10876,898,USA,Electronics,Computers,10876
10500,S625,Jeans,3,2024-02-22,42902,120,India,Clothing,Bottoms,128706
10501,S108,Headphones,2,2024-04-12,39596,329,UK,Electronics,Accessories,79192
10502,S972,DiningChair,4,2024-02-18,58886,457,Germany,Furniture,Dining,235544
10503,S944,Keyboard,3,2024-03-07,44580,738,Germany,Electronics,Accessories,133740
10504,S959,Sofa,5,2024-04-17,43608,483,Canada,Furniture,LivingRoom,218040
10505,S444,DiningChair,1,2024-01-09,31771,383,UK,Furniture,Dining,31771
10506,S883,Speaker,2,2024-03-07,10025,346,India,Electronics,Entertainment,20050
10507,S771,Wardrobe,2,2024-01-04,47470,609,UK,Furniture,Bedroom,94940
10508,S697,Refrigerator,4,2024-01-05,48482,825,Canada,Electronics,Appliances,193928
10509,S587,Jacket,5,2024-04-10,42032,787,UK,Clothing,Outerwear,210160
10510,S199,DiningTable,5,2024-02-07,12070,582,USA,Furniture,Dining,60350
10511,S327,DiningTable,3,2024-01-12,43089,463,USA,Furniture,Dining,129267
10512,S699,DiningChair,3,2024-02-03,24558,401,Germany,Furniture,Dining,73674
10513,S735,Shoes,5,2024-04-30,38231,172,Germany,Clothing,Footwear,191155
10514,S523,Hoodie,4,2024-02-08,34923,155,USA,Clothing,Tops,139692
10515,S568,Trousers,4,2024-04-24,37516,246,UK,Clothing,Bottoms,150064
10516,S281,Chair,4,2024-03-21,21999,420,India,Furniture,Office,87996
10517,S272,Sandals,2,2024-04-09,50085,690,USA,Clothing,Footwear,100170
10518,S539,Laptop,5,2024-03-22,28623,513,Germany,Electronics,Computers,143115
10519,S848,Microwave,1,2024-01-26,35181,482,India,Electronics,Appliances,35181
10520,S354,Mouse,1,2024-04-03,41270,331,UK,Electronics,Accessories,41270
10521,S413,Mouse,4,2024-03-16,33186,271,India,Electronics,Accessories,132744
10522,S710,Coat,4,2024-03-07,47899,636,UK,Clothing,Outerwear,191596
10523,S292,Keyboard,4,2024-04-06,23743,268,Germany,Electronics,Accessories,94972
10524,S122,Jeans,2,2024-04-03,14040,703,Canada,Clothing,Bottoms,28080
10525,S755,Shirt,1,2024-04-22,24788,361,Canada,Clothing,Tops,24788
10526,S120,Sofa,1,2024-04-17,43032,149,India,Furniture,LivingRoom,43032
10527,S585,Refrigerator,1,2024-02-02,36066,818,USA,Electronics,Appliances,36066
10528,S778,Shirt,4,2024-01-13,43562,632,UK,Clothing,Tops,174248
10529,S732,Desk,1,2024-04-02,33727,220,UK,Furniture,Office,33727
10530,S896,Shirt,2,2024-01-26,40111,369,Canada,Clothing,Tops,80222
10531,S661,Coat,3,2024-01-06,10710,608,USA,Clothing,Outerwear,32130
10532,S787,Wardrobe,2,2024-01-02,379,191,India,Furniture,Bedroom,758
10533,S176,Bed,1,2024-03-06,51287,840,India,Furniture,Bedroom,51287
10534,S151,Keyboard,3,2024-02-29,17509,202,USA,Electronics,Accessories,52527
10535,S218,Coat,3,2024-04-04,28118,197,India,Clothing,Outerwear,84354
10536,S548,Jeans,3,2024-04-24,23630,736,UK,Clothing,Bottoms,70890
10537,S510,CoffeeTable,3,2024-01-15,12184,509,Germany,Furniture,LivingRoom,36552
10538,S916,Refrigerator,4,2024-04-23,42722,270,India,Electronics,Appliances,170888
10539,S704,T-shirt,1,2024-04-26,27464,594,Canada,Clothing,Tops,27464
10540,S467,Bed,5,2024-04-09,25087,726,India,Furniture,Bedroom,125435
10541,S521,Desk,4,2024-04-23,7601,551,India,Furniture,Office,30404
10542,S794,Coat,1,2024-04-21,46374,637,Canada,Clothing,Outerwear,46374
10543,S817,Desk,5,2024-03-29,34482,733,India,Furniture,Office,172410
10544,S756,Keyboard,3,2024-03-27,43696,494,USA,Electronics,Accessories,131088
10545,S580,Sofa,2,2024-04-18,33332,972,Germany,Furniture,LivingRoom,66664
10546,S384,Shirt,3,2024-02-12,15987,151,Canada,Clothing,Tops,47961
10547,S554,Sandals,2,2024-02-28,5366,920,Canada,Clothing,Footwear,10732
10548,S609,Desktop,4,2024-01-16,20913,863,India,Electronics,Computers,83652
10549,S100,Sandals,1,2024-03-11,36712,945,India,Clothing,Footwear,36712
10550,S945,DiningTable,4,2024-02-16,22538,155,USA,Furniture,Dining,90152
10551,S216,Speaker,3,2024-02-27,47118,199,USA,Electronics,Entertainment,141354
10552,S482,Coat,3,2024-03-07,36093,818,India,Clothing,Outerwear,108279
10553,S860,Trousers,2,2024-04-01,54060,838,Germany,Clothing,Bottoms,108120
10554,S972,Jacket,2,2024-04-29,8113,502,USA,Clothing,Outerwear,16226
10555,S524,Headphones,3,2024-04-06,7262,147,Canada,Electronics,Accessories,21786
10556,S610,Sandals,5,2024-01-18,33243,104,Canada,Clothing,Footwear,166215
10557,S620,CoffeeTable,5,2024-04-28,31849,899,USA,Furniture,LivingRoom,159245
10558,S714,Chair,1,2024-03-25,25589,720,UK,Furniture,Office,25589
10559,S354,Wardrobe,5,2024-04-07,45584,380,Germany,Furniture,Bedroom,227920
10560,S716,Speaker,2,2024-02-22,9255,816,Canada,Electronics,Entertainment,18510
10561,S831,TV,2,2024-03-20,13943,397,UK,Electronics,Entertainment,27886
10562,S752,Chair,5,2024-03-29,35752,430,India,Furniture,Office,178760
10563,S967,Refrigerator,5,2024-04-22,18938,532,India,Electronics,Appliances,94690
10564,S786,Sofa,4,2024-01-07,9724,157,USA,Furniture,LivingRoom,38896
10565,S163,Keyboard,3,2024-04-17,9796,807,UK,Electronics,Accessories,29388
10566,S988,Shirt,4,2024-03-19,6916,791,Canada,Clothing,Tops,27664
10567,S917,Shoes,5,2024-04-11,51600,812,UK,Clothing,Footwear,258000
10568,S801,CoffeeTable,4,2024-04-10,27500,420,Canada,Furniture,LivingRoom,110000
10569,S989,Hoodie,3,2024-03-20,13509,899,Germany,Clothing,Tops,40527
10570,S281,Jacket,2,2024-02-27,19479,799,India,Clothing,Outerwear,38958
10571,S385,Jeans,4,2024-02-24,2863,669,UK,Clothing,Bottoms,11452
10572,S826,Trousers,1,2024-02-29,21863,258,India,Clothing,Bottoms,21863
10573,S408,Jacket,5,2024-03-25,55456,602,Canada,Clothing,Outerwear,277280
10574,S288,DiningTable,3,2024-01-29,34632,633,India,Furniture,Dining,103896
10575,S194,Desk,5,2024-02-21,35395,457,USA,Furniture,Office,176975
10576,S870,Coat,3,2024-01-28,19439,733,Canada,Clothing,Outerwear,58317
10577,S757,Laptop,3,2024-01-31,29407,728,Canada,Electronics,Computers,88221
10578,S915,Hoodie,3,2024-04-27,25193,216,Germany,Clothing,Tops,75579
10579,S483,TV,5,2024-04-08,54077,626,Canada,Electronics,Entertainment,270385
10580,S297,Microwave,3,2024-03-24,59069,428,Canada,Electronics,Appliances,177207
10581,S741,T-shirt,5,2024-01-01,35144,167,USA,Clothing,Tops,175720
10582,S948,Desk,1,2024-03-09,13672,819,Germany,Furniture,Office,13672
10583,S439,Sofa,1,2024-04-01,30295,138,India,Furniture,LivingRoom,30295
10584,S688,T-shirt,3,2024-01-10,36774,941,USA,Clothing,Tops,110322
10585,S543,Refrigerator,4,2024-02-21,41501,423,India,Electronics,Appliances,166004
10586,S863,Laptop,5,2024-04-06,4344,699,India,Electronics,Computers,21720
10587,S905,CoffeeTable,5,2024-02-07,7155,802,UK,Furniture,LivingRoom,35775
10588,S941,CoffeeTable,4,2024-02-20,25196,776,India,Furniture,LivingRoom,100784
10589,S500,Headphones,2,2024-04-05,9137,915,Canada,Electronics,Accessories,18274
10590,S995,Keyboard,3,2024-03-11,930,668,USA,Electronics,Accessories,2790
10591,S650,T-shirt,5,2024-02-20,39302,660,India,Clothing,Tops,196510
10592,S761,Headphones,3,2024-02-22,14076,971,Canada,Electronics,Accessories,42228
10593,S358,Jeans,2,2024-04-16,40628,298,India,Clothing,Bottoms,81256
10594,S174,Hoodie,4,2024-03-11,42449,397,India,Clothing,Tops,169796
10595,S465,Laptop,5,2024-02-12,32128,231,USA,Electronics,Computers,160640
10596,S561,Jacket,2,2024-03-03,21026,436,Canada,Clothing,Outerwear,42052
10597,S927,DiningTable,5,2024-02-16,37349,423,Germany,Furniture,Dining,186745
10598,S829,Shirt,2,2024-01-29,51689,857,Germany,Clothing,Tops,103378
10599,S573,TV,3,2024-03-02,57733,556,UK,Electronics,Entertainment,173199
10600,S183,Microwave,2,2024-03-18,42506,961,UK,Electronics,Appliances,85012
10601,S119,Trousers,1,2024-01-10,47872,969,Canada,Clothing,Bottoms,47872
10602,S137,CoffeeTable,5,2024-04-26,14143,664,UK,Furniture,LivingRoom,70715
10603,S890,Bed,3,2024-01-29,25922,703,UK,Furniture,Bedroom,77766
10604,S110,Shoes,4,2024-03-05,24046,778,USA,Clothing,Footwear,96184
10605,S679,Chair,4,2024-01-23,10634,679,USA,Furniture,Office,42536
10606,S599,Wardrobe,1,2024-04-07,14540,337,India,Furniture,Bedroom,14540
10607,S630,TV,1,2024-01-27,44016,910,UK,Electronics,Entertainment,44016
10608,S431,Refrigerator,1,2024-03-24,2815,205,Canada,Electronics,Appliances,2815
10609,S278,DiningChair,5,2024-03-13,35874,485,Germany,Furniture,Dining,179370
10610,S628,Desktop,4,2024-01-29,59657,515,UK,Electronics,Computers,238628
10611,S242,Refrigerator,5,2024-03-05,632,550,USA,Electronics,Appliances,3160
10612,S291,Hoodie,3,2024-01-20,14061,261,UK,Clothing,Tops,42183
10613,S837,Sofa,4,2024-02-12,53361,216,Germany,Furniture,LivingRoom,213444
10614,S762,Wardrobe,2,2024-01-21,38918,953,Germany,Furniture,Bedroom,77836
10615,S264,Jeans,2,2024-03-16,37784,237,Canada,Clothing,Bottoms,75568
10616,S284,Jeans,2,2024-04-28,17125,629,Germany,Clothing,Bottoms,34250
10617,S721,CoffeeTable,1,2024-02-27,14394,582,Germany,Furniture,LivingRoom,14394
10618,S696,Trousers,5,2024-04-11,9552,940,USA,Clothing,Bottoms,47760
10619,S704,DiningTable,3,2024-03-17,29918,170,USA,Furniture,Dining,89754
10620,S635,Microwave,1,2024-01-26,1285,980,Canada,Electronics,Appliances,1285
10621,S587,Bed,5,2024-01-23,6511,729,Canada,Furniture,Bedroom,32555
10622,S717,T-shirt,4,2024-01-17,43413,652,India,Clothing,Tops,173652
10623,S814,Wardrobe,3,2024-01-06,57532,642,Germany,Furniture,Bedroom,172596
10624,S859,Sandals,3,2024-04-12,38803,879,Canada,Clothing,Footwear,116409
10625,S338,Shoes,3,2024-04-08,31469,979,India,Clothing,Footwear,94407
10626,S861,Refrigerator,2,2024-03-31,558,908,India,Electronics,Appliances,1116
10627,S804,Sofa,4,2024-01-27,43096,923,UK,Furniture,LivingRoom,172384
10628,S699,TV,2,2024-03-24,28123,359,UK,Electronics,Entertainment,56246
10629,S506,Wardrobe,5,2024-03-28,18259,873,USA,Furniture,Bedroom,91295
10630,S595,Microwave,3,2024-03-12,36840,359,UK,Electronics,Appliances,110520
10631,S775,DiningChair,2,2024-04-20,56233,221,USA,Furniture,Dining,112466
10632,S904,Mouse,2,2024-02-21,33514,446,Canada,Electronics,Accessories,67028
10633,S923,Sofa,4,2024-01-01,41872,193,USA,Furniture,LivingRoom,167488
10634,S479,Microwave,1,2024-01-29,17441,181,Canada,Electronics,Appliances,17441
10635,S393,Sandals,5,2024-03-07,43203,828,Canada,Clothing,Footwear,216015
10636,S970,Trousers,4,2024-01-26,901,772,Canada,Clothing,Bottoms,3604
10637,S815,Mouse,5,2024-03-07,33659,337,Canada,Electronics,Accessories,168295
10638,S261,Shirt,2,2024-01-01,43127,188,UK,Clothing,Tops,86254
10639,S630,Speaker,4,2024-01-26,38609,115,India,Electronics,Entertainment,154436
10640,S331,Coat,3,2024-02-05,53645,720,USA,Clothing,Outerwear,160935
10641,S618,Microwave,3,2024-02-22,11671,209,Canada,Electronics,Appliances,35013
10642,S363,Coat,1,2024-03-06,52821,997,Canada,Clothing,Outerwear,52821
10643,S888,DiningChair,4,2024-03-02,37107,349,UK,Furniture,Dining,148428
10644,S169,Microwave,4,2024-02-03,7819,491,USA,Electronics,Appliances,31276
10645,S648,Desk,4,2024-03-07,23340,109,UK,Furniture,Office,93360
10646,S940,Jacket,4,2024-04-05,44351,450,India,Clothing,Outerwear,177404
10647,S687,Desk,3,2024-01-28,23369,375,USA,Furniture,Office,70107
10648,S347,Desk,2,2024-04-04,15591,993,UK,Furniture,Office,31182
10649,S464,Jeans,2,2024-03-20,55010,259,India,Clothing,Bottoms,110020
10650,S882,Hoodie,4,2024-01-01,40427,977,Canada,Clothing,Tops,161708
10651,S688,Sandals,5,2024-03-04,20871,989,UK,Clothing,Footwear,104355
10652,S868,Headphones,3,2024-01-29,26275,690,USA,Electronics,Accessories,78825
10653,S455,Sandals,5,2024-03-05,2334,503,USA,Clothing,Footwear,11670
10654,S112,Desktop,3,2024-01-02,45368,790,USA,Electronics,Computers,136104
10655,S365,Desktop,3,2024-04-20,40359,291,Canada,Electronics,Computers,121077
10656,S474,Keyboard,4,2024-02-13,40379,288,Germany,Electronics,Accessories,161516
10657,S510,Keyboard,3,2024-04-19,24125,386,Germany,Electronics,Accessories,72375
10658,S923,Jeans,1,2024-02-04,47439,341,Canada,Clothing,Bottoms,47439
10659,S253,Microwave,2,2024-04-04,52631,584,India,Electronics,Appliances,105262
10660,S745,Sandals,2,2024-04-18,58741,629,Canada,Clothing,Footwear,117482
10661,S979,DiningChair,3,2024-03-12,16647,681,India,Furniture,Dining,49941
10662,S360,Laptop,1,2024-04-14,14320,587,India,Electronics,Computers,14320
10663,S670,Speaker,3,2024-03-12,23813,929,UK,Electronics,Entertainment,71439
10664,S795,Desktop,1,2024-04-21,23209,720,USA,Electronics,Computers,23209
10665,S622,Desk,3,2024-03-27,21505,599,Germany,Furniture,Office,64515
10666,S989,Sandals,4,2024-01-19,41599,271,UK,Clothing,Footwear,166396
10667,S333,Microwave,1,2024-02-13,10816,421,UK,Electronics,Appliances,10816
10668,S377,DiningChair,5,2024-02-20,42447,555,UK,Furniture,Dining,212235
10669,S123,Wardrobe,2,2024-04-19,12251,228,USA,Furniture,Bedroom,24502
10670,S205,DiningTable,2,2024-02-20,11138,197,India,Furniture,Dining,22276
10671,S185,Laptop,4,2024-04-07,34539,206,UK,Electronics,Computers,138156
10672,S353,Chair,4,2024-01-30,20474,855,UK,Furniture,Office,81896
10673,S129,Mouse,5,2024-01-22,55153,135,UK,Electronics,Accessories,275765
10674,S555,Refrigerator,5,2024-03-11,18052,238,Canada,Electronics,Appliances,90260
10675,S646,Sandals,5,2024-03-22,42129,417,UK,Clothing,Footwear,210645
10676,S522,Mouse,4,2024-02-16,20376,366,USA,Electronics,Accessories,81504
10677,S968,Laptop,5,2024-04-07,53636,239,UK,Electronics,Computers,268180
10678,S406,Microwave,4,2024-03-02,49710,109,Germany,Electronics,Appliances,198840
10679,S521,Mouse,5,2024-01-25,24687,674,Germany,Electronics,Accessories,123435
10680,S325,Mouse,4,2024-02-18,54491,369,India,Electronics,Accessories,217964
10681,S801,Headphones,5,2024-03-29,53125,378,UK,Electronics,Accessories,265625
10682,S286,DiningChair,2,2024-01-09,56133,239,UK,Furniture,Dining,112266
10683,S603,Sandals,3,2024-03-20,46106,292,UK,Clothing,Footwear,138318
10684,S204,Jeans,5,2024-01-24,1650,388,UK,Clothing,Bottoms,8250
10685,S115,Shoes,2,2024-01-20,6111,605,USA,Clothing,Footwear,12222
10686,S813,Refrigerator,4,2024-02-29,24539,910,India,Electronics,Appliances,98156
10687,S501,Laptop,1,2024-04-09,17665,173,Canada,Electronics,Computers,17665
10688,S948,Mouse,3,2024-02-18,53759,112,India,Electronics,Accessories,161277
10689,S134,Desk,4,2024-04-04,16398,303,Germany,Furniture,Office,65592
10690,S419,Sofa,4,2024-03-28,25701,430,USA,Furniture,LivingRoom,102804
10691,S405,Sofa,3,2024-03-22,31737,303,UK,Furniture,LivingRoom,95211
10692,S432,Jeans,2,2024-02-25,41678,115,USA,Clothing,Bottoms,83356
10693,S695,Desktop,2,2024-01-06,785,902,Germany,Electronics,Computers,1570
10694,S611,Desk,1,2024-01-21,16500,193,Canada,Furniture,Office,16500
10695,S818,Laptop,3,2024-01-20,42442,649,India,Electronics,Computers,127326
10696,S760,Shoes,3,2024-04-10,36792,874,UK,Clothing,Footwear,110376
10697,S237,Mouse,4,2024-04-02,23672,356,India,Electronics,Accessories,94688
10698,S294,Refrigerator,5,2024-03-03,45881,680,USA,Electronics,Appliances,229405
10699,S951,DiningChair,4,2024-04-21,18243,713,Canada,Furniture,Dining,72972
10700,S939,Hoodie,2,2024-02-07,29650,369,Canada,Clothing,Tops,59300
10701,S289,Microwave,5,2024-04-03,25040,119,Canada,Electronics,Appliances,125200
10702,S938,Keyboard,1,2024-03-09,43341,496,USA,Electronics,Accessories,43341
10703,S519,Bed,5,2024-02-11,18755,756,UK,Furniture,Bedroom,93775
10704,S232,Hoodie,1,2024-04-16,3068,282,India,Clothing,Tops,3068
10705,S684,Shirt,2,2024-01-05,6671,757,Germany,Clothing,Tops,13342
10706,S720,Wardrobe,1,2024-01-29,24209,835,India,Furniture,Bedroom,24209
10707,S754,Trousers,1,2024-04-12,30874,162,UK,Clothing,Bottoms,30874
10708,S372,Wardrobe,1,2024-03-19,54178,641,India,Furniture,Bedroom,54178
10709,S199,CoffeeTable,1,2024-03-07,14349,203,USA,Furniture,LivingRoom,14349
10710,S354,Bed,2,2024-03-25,34684,683,USA,Furniture,Bedroom,69368
10711,S569,Bed,5,2024-03-27,23659,819,Germany,Furniture,Bedroom,118295
10712,S445,Jeans,5,2024-03-05,26516,773,USA,Clothing,Bottoms,132580
10713,S965,Wardrobe,3,2024-02-11,36250,480,Germany,Furniture,Bedroom,108750
10714,S658,Wardrobe,5,2024-03-13,15975,319,Germany,Furniture,Bedroom,79875
10715,S100,DiningChair,4,2024-02-20,29527,843,India,Furniture,Dining,118108
10716,S327,Laptop,3,2024-02-08,630,319,UK,Electronics,Computers,1890
10717,S464,Jacket,1,2024-02-28,2673,259,USA,Clothing,Outerwear,2673
10718,S407,TV,2,2024-04-13,16993,194,Canada,Electronics,Entertainment,33986
10719,S911,Headphones,1,2024-02-11,47620,594,USA,Electronics,Accessories,47620
10720,S690,Desktop,1,2024-04-13,48093,490,India,Electronics,Computers,48093
10721,S988,Coat,4,2024-04-29,27497,223,USA,Clothing,Outerwear,109988
10722,S142,CoffeeTable,1,2024-03-08,20174,426,Canada,Furniture,LivingRoom,20174
10723,S256,Desk,5,2024-01-29,45928,151,Germany,Furniture,Office,229640
10724,S503,Laptop,4,2024-04-10,19191,251,USA,Electronics,Computers,76764
10725,S661,Desktop,5,2024-01-07,49044,508,UK,Electronics,Computers,245220
10726,S592,Sandals,2,2024-01-18,50140,672,USA,Clothing,Footwear,100280
10727,S636,Microwave,5,2024-04-04,40569,352,USA,Electronics,Appliances,202845
10728,S689,Coat,3,2024-04-28,45074,191,India,Clothing,Outerwear,135222
10729,S428,Wardrobe,3,2024-01-25,23026,452,Canada,Furniture,Bedroom,69078
10730,S941,CoffeeTable,2,2024-03-19,23119,922,Germany,Furniture,LivingRoom,46238
10731,S304,Desk,1,2024-01-30,53819,801,UK,Furniture,Office,53819
10732,S251,T-shirt,1,2024-03-20,16128,989,UK,Clothing,Tops,16128
10733,S123,Jacket,3,2024-03-01,29695,439,USA,Clothing,Outerwear,89085
10734,S364,Chair,5,2024-04-06,34492,661,Germany,Furniture,Office,172460
10735,S779,Chair,4,2024-04-25,38407,639,India,Furniture,Office,153628
10736,S813,Mouse,3,2024-04-11,13352,732,UK,Electronics,Accessories,40056
10737,S377,Shoes,1,2024-03-25,25670,778,UK,Clothing,Footwear,25670
10738,S620,Shirt,4,2024-02-18,15349,826,India,Clothing,Tops,61396
10739,S568,Microwave,2,2024-03-05,13233,674,India,Electronics,Appliances,26466
10740,S862,Trousers,3,2024-02-20,32308,260,India,Clothing,Bottoms,96924
10741,S382,Speaker,3,2024-03-05,15679,931,India,Electronics,Entertainment,47037
10742,S330,DiningChair,1,2024-02-05,36568,255,UK,Furniture,Dining,36568
10743,S727,Mouse,4,2024-03-27,34325,993,USA,Electronics,Accessories,137300
10744,S719,Headphones,2,2024-02-09,28148,437,Germany,Electronics,Accessories,56296
10745,S800,Chair,2,2024-03-10,38278,919,USA,Furniture,Office,76556
10746,S248,Jacket,4,2024-04-08,59772,771,Canada,Clothing,Outerwear,239088
10747,S221,Jacket,5,2024-04-02,35128,288,UK,Clothing,Outerwear,175640
10748,S553,Shirt,4,2024-02-08,27151,863,UK,Clothing,Tops,108604
10749,S880,Jeans,2,2024-01-04,12307,726,Canada,Clothing,Bottoms,24614
10750,S126,Headphones,2,2024-03-28,15333,467,India,Electronics,Accessories,30666
10751,S580,Bed,5,2024-03-18,55652,829,UK,Furniture,Bedroom,278260
10752,S297,Sandals,4,2024-01-21,9212,331,India,Clothing,Footwear,36848
10753,S787,Desktop,4,2024-04-05,14785,307,USA,Electronics,Computers,59140
10754,S432,Trousers,5,2024-03-29,32308,987,Germany,Clothing,Bottoms,161540
10755,S944,Sandals,1,2024-04-04,40041,489,UK,Clothing,Footwear,40041
10756,S998,Laptop,4,2024-04-15,30143,143,USA,Electronics,Computers,120572
10757,S883,Bed,5,2024-03-07,25588,745,India,Furniture,Bedroom,127940
10758,S892,Coat,4,2024-02-08,58159,947,UK,Clothing,Outerwear,232636
10759,S155,Keyboard,3,2024-04-27,40382,806,Canada,Electronics,Accessories,121146
10760,S215,Sandals,1,2024-03-05,47559,284,Canada,Clothing,Footwear,47559
10761,S125,Desk,4,2024-02-27,21398,283,Germany,Furniture,Office,85592
10762,S808,Desk,1,2024-02-11,16589,764,USA,Furniture,Office,16589
10763,S749,Sofa,1,2024-02-27,46483,471,India,Furniture,LivingRoom,46483
10764,S144,Bed,4,2024-02-18,36267,886,USA,Furniture,Bedroom,145068
10765,S829,Mouse,2,2024-04-08,11922,152,Germany,Electronics,Accessories,23844
10766,S220,Speaker,3,2024-01-24,41255,234,USA,Electronics,Entertainment,123765
10767,S610,Jacket,4,2024-04-19,32812,656,India,Clothing,Outerwear,131248
10768,S587,Bed,2,2024-03-25,38791,564,Germany,Furniture,Bedroom,77582
10769,S384,Laptop,2,2024-03-11,58013,734,Canada,Electronics,Computers,116026
10770,S457,T-shirt,2,2024-03-24,3808,137,USA,Clothing,Tops,7616
10771,S526,Coat,1,2024-01-14,3413,282,USA,Clothing,Outerwear,3413
10772,S468,DiningTable,4,2024-03-15,49308,136,India,Furniture,Dining,197232
10773,S876,Speaker,4,2024-01-09,53956,537,Canada,Electronics,Entertainment,215824
10774,S980,Coat,2,2024-03-29,8196,381,UK,Clothing,Outerwear,16392
10775,S211,Bed,2,2024-01-08,40311,685,Canada,Furniture,Bedroom,80622
10776,S424,Sandals,4,2024-04-18,40101,365,Canada,Clothing,Footwear,160404
10777,S632,DiningTable,5,2024-03-04,37072,846,Germany,Furniture,Dining,185360
10778,S298,Headphones,2,2024-02-07,46637,101,India,Electronics,Accessories,93274
10779,S524,Shoes,2,2024-03-19,52600,523,India,Clothing,Footwear,105200
10780,S806,TV,1,2024-01-26,42183,388,UK,Electronics,Entertainment,42183
10781,S885,Coat,5,2024-02-11,36244,106,India,Clothing,Outerwear,181220
10782,S730,DiningChair,4,2024-03-13,47674,129,USA,Furniture,Dining,190696
10783,S136,Coat,4,2024-04-12,31296,761,USA,Clothing,Outerwear,125184
10784,S649,Headphones,4,2024-04-20,58661,443,Germany,Electronics,Accessories,234644
10785,S423,Desktop,5,2024-03-27,47711,668,Canada,Electronics,Computers,238555
10786,S387,Trousers,3,2024-01-20,4539,960,India,Clothing,Bottoms,13617
10787,S291,Microwave,5,2024-02-19,39894,709,India,Electronics,Appliances,199470
10788,S608,TV,3,2024-01-12,27323,998,USA,Electronics,Entertainment,81969
10789,S279,Refrigerator,2,2024-02-08,34612,214,UK,Electronics,Appliances,69224
10790,S918,Jeans,4,2024-01-04,33360,594,Canada,Clothing,Bottoms,133440
10791,S636,Trousers,4,2024-04-21,48201,417,UK,Clothing,Bottoms,192804
10792,S137,Hoodie,2,2024-04-02,13647,570,Germany,Clothing,Tops,27294
10793,S968,Sofa,3,2024-03-28,3085,708,India,Furniture,LivingRoom,9255
10794,S774,Microwave,1,2024-04-08,34316,863,UK,Electronics,Appliances,34316
10795,S393,Jacket,3,2024-01-25,13343,383,Canada,Clothing,Outerwear,40029
10796,S380,Microwave,3,2024-01-21,9985,217,India,Electronics,Appliances,29955
10797,S426,Sofa,5,2024-03-11,23158,377,USA,Furniture,LivingRoom,115790
10798,S727,DiningTable,2,2024-02-09,4868,446,Canada,Furniture,Dining,9736
10799,S791,Laptop,1,2024-04-25,31050,151,India,Electronics,Computers,31050
10800,S821,Laptop,4,2024-01-23,25884,710,Canada,Electronics,Computers,103536
10801,S302,Wardrobe,3,2024-04-14,21979,830,Canada,Furniture,Bedroom,65937
10802,S815,Shoes,1,2024-04-12,53471,579,India,Clothing,Footwear,53471
10803,S247,Speaker,4,2024-01-29,15384,981,Canada,Electronics,Entertainment,61536
10804,S781,Speaker,2,2024-04-27,46049,438,UK,Electronics,Entertainment,92098
10805,S459,Microwave,1,2024-01-15,31351,590,Germany,Electronics,Appliances,31351
10806,S620,Coat,5,2024-01-17,37862,205,Germany,Clothing,Outerwear,189310
10807,S911,CoffeeTable,5,2024-01-10,42762,409,Canada,Furniture,LivingRoom,213810
10808,S661,Refrigerator,2,2024-02-01,40889,262,Germany,Electronics,Appliances,81778
10809,S705,Desktop,2,2024-03-29,53540,541,Germany,Electronics,Computers,107080
10810,S179,DiningTable,2,2024-03-26,43624,857,Canada,Furniture,Dining,87248
10811,S941,Desktop,3,2024-01-13,36578,555,USA,Electronics,Computers,109734
10812,S933,Microwave,5,2024-03-28,7326,710,Germany,Electronics,Appliances,36630
10813,S242,Microwave,1,2024-04-14,14461,694,India,Electronics,Appliances,14461
10814,S730,Trousers,5,2024-02-19,19303,691,Germany,Clothing,Bottoms,96515
10815,S795,Trousers,3,2024-04-11,37573,411,Germany,Clothing,Bottoms,112719
10816,S622,DiningTable,5,2024-03-19,732,513,USA,Furniture,Dining,3660
10817,S820,Desktop,5,2024-01-01,3681,673,UK,Electronics,Computers,18405
10818,S704,Jacket,2,2024-03-30,28492,503,UK,Clothing,Outerwear,56984
10819,S316,Wardrobe,4,2024-03-10,28720,778,USA,Furniture,Bedroom,114880
10820,S468,Mouse,5,2024-04-17,25404,960,Germany,Electronics,Accessories,127020
10821,S763,Jacket,2,2024-01-10,960,116,USA,Clothing,Outerwear,1920
10822,S757,Wardrobe,2,2024-01-18,5748,925,Germany,Furniture,Bedroom,11496
10823,S665,Microwave,4,2024-02-24,33585,939,Germany,Electronics,Appliances,134340
10824,S107,TV,2,2024-03-18,28037,691,Germany,Electronics,Entertainment,56074
10825,S475,Desk,4,2024-03-14,35993,134,India,Furniture,Office,143972
10826,S807,Wardrobe,1,2024-03-02,38228,181,USA,Furniture,Bedroom,38228
10827,S724,DiningChair,5,2024-03-07,5327,190,USA,Furniture,Dining,26635
10828,S451,Desktop,5,2024-04-25,3658,647,India,Electronics,Computers,18290
10829,S531,Refrigerator,5,2024-02-12,48291,461,UK,Electronics,Appliances,241455
10830,S844,Mouse,5,2024-02-08,49314,903,Canada,Electronics,Accessories,246570
10831,S152,Desktop,5,2024-03-14,11280,772,UK,Electronics,Computers,56400
10832,S617,CoffeeTable,4,2024-01-17,5607,178,UK,Furniture,LivingRoom,22428
10833,S363,Headphones,3,2024-04-19,18236,114,India,Electronics,Accessories,54708
10834,S279,Chair,4,2024-04-13,24433,367,USA,Furniture,Office,97732
10835,S248,Headphones,1,2024-01-11,22668,709,USA,Electronics,Accessories,22668
10836,S843,Refrigerator,2,2024-02-26,43497,752,USA,Electronics,Appliances,86994
10837,S218,Jacket,3,2024-04-14,49711,153,USA,Clothing,Outerwear,149133
10838,S870,Refrigerator,3,2024-04-05,31412,645,USA,Electronics,Appliances,94236
10839,S991,Refrigerator,3,2024-03-08,9712,545,India,Electronics,Appliances,29136
10840,S142,Refrigerator,3,2024-03-28,34950,199,Canada,Electronics,Appliances,104850
10841,S379,DiningChair,5,2024-04-19,42933,443,UK,Furniture,Dining,214665
10842,S891,Desktop,5,2024-02-29,25834,791,USA,Electronics,Computers,129170
10843,S110,Desk,2,2024-03-11,20730,788,India,Furniture,Office,41460
10844,S801,Shirt,1,2024-01-14,34623,556,UK,Clothing,Tops,34623
10845,S734,Coat,2,2024-01-04,2430,194,India,Clothing,Outerwear,4860
10846,S719,Chair,1,2024-04-19,5861,233,Germany,Furniture,Office,5861
10847,S578,Chair,2,2024-02-07,16802,776,India,Furniture,Office,33604
10848,S783,Wardrobe,4,2024-04-25,45565,888,UK,Furniture,Bedroom,182260
10849,S491,Mouse,3,2024-01-08,51128,497,UK,Electronics,Accessories,153384
10850,S603,Coat,2,2024-01-09,29073,305,Canada,Clothing,Outerwear,58146
10851,S653,Headphones,4,2024-01-19,7306,887,Germany,Electronics,Accessories,29224
10852,S174,Shirt,3,2024-01-05,6969,172,Canada,Clothing,Tops,20907
10853,S252,DiningChair,1,2024-03-04,58953,768,India,Furniture,Dining,58953
10854,S500,Sandals,2,2024-02-12,46078,688,India,Clothing,Footwear,92156
10855,S845,Wardrobe,4,2024-04-18,26670,899,India,Furniture,Bedroom,106680
10856,S898,Chair,4,2024-04-14,45371,593,India,Furniture,Office,181484
10857,S747,DiningChair,3,2024-01-08,26454,762,India,Furniture,Dining,79362
10858,S396,TV,4,2024-04-08,50037,763,USA,Electronics,Entertainment,200148
10859,S499,Shirt,2,2024-03-30,19786,209,UK,Clothing,Tops,39572
10860,S297,Desktop,2,2024-01-05,9371,125,Canada,Electronics,Computers,18742
10861,S758,Sandals,1,2024-03-10,52152,415,Germany,Clothing,Footwear,52152
10862,S445,Bed,1,2024-01-08,22435,906,India,Furniture,Bedroom,22435
10863,S794,Laptop,5,2024-04-30,30239,991,Canada,Electronics,Computers,151195
10864,S600,Jeans,1,2024-01-19,48399,769,India,Clothing,Bottoms,48399
10865,S747,Laptop,2,2024-01-23,1141,151,UK,Electronics,Computers,2282
10866,S937,Shoes,5,2024-04-14,4391,208,India,Clothing,Footwear,21955
10867,S930,Mouse,2,2024-02-13,28132,955,Germany,Electronics,Accessories,56264
10868,S318,Laptop,3,2024-04-11,55016,882,India,Electronics,Computers,165048
10869,S244,Desk,1,2024-02-05,8113,875,Germany,Furniture,Office,8113
10870,S695,Jacket,4,2024-04-28,16167,141,USA,Clothing,Outerwear,64668
10871,S182,Shoes,1,2024-03-03,57847,106,India,Clothing,Footwear,57847
10872,S526,Hoodie,5,2024-02-06,58324,810,Germany,Clothing,Tops,291620
10873,S635,Chair,2,2024-02-04,42131,561,Germany,Furniture,Office,84262
10874,S611,Jeans,5,2024-04-01,11996,726,India,Clothing,Bottoms,59980
10875,S341,DiningChair,4,2024-03-12,499,296,India,Furniture,Dining,1996
10876,S575,CoffeeTable,5,2024-01-29,33462,888,USA,Furniture,LivingRoom,167310
10877,S801,Laptop,1,2024-01-20,52406,964,Germany,Electronics,Computers,52406
10878,S472,Mouse,1,2024-03-23,3740,391,USA,Electronics,Accessories,3740
10879,S876,Speaker,5,2024-04-23,52966,564,India,Electronics,Entertainment,264830
10880,S129,Hoodie,2,2024-04-10,10557,596,Canada,Clothing,Tops,21114
10881,S433,T-shirt,4,2024-03-15,39043,529,USA,Clothing,Tops,156172
10882,S200,DiningTable,1,2024-01-30,21573,342,Germany,Furniture,Dining,21573
10883,S596,Shoes,1,2024-03-15,31066,155,Germany,Clothing,Footwear,31066
10884,S239,Trousers,2,2024-02-17,25584,568,USA,Clothing,Bottoms,51168
10885,S132,DiningChair,2,2024-01-17,22212,808,Canada,Furniture,Dining,44424
10886,S569,Jacket,1,2024-02-29,56013,528,USA,Clothing,Outerwear,56013
10887,S913,Keyboard,5,2024-04-11,10475,753,Canada,Electronics,Accessories,52375
10888,S600,Jeans,4,2024-03-07,56362,982,USA,Clothing,Bottoms,225448
10889,S538,Wardrobe,3,2024-04-03,1150,853,USA,Furniture,Bedroom,3450
10890,S705,Coat,5,2024-04-24,14775,252,Canada,Clothing,Outerwear,73875
10891,S887,Shoes,1,2024-04-03,31044,616,India,Clothing,Footwear,31044
10892,S346,Refrigerator,1,2024-03-04,29851,185,Canada,Electronics,Appliances,29851
10893,S344,Shoes,2,2024-02-07,23688,763,India,Clothing,Footwear,47376
10894,S978,Sandals,2,2024-02-28,46291,684,Canada,Clothing,Footwear,92582
10895,S515,Sandals,2,2024-03-31,57491,289,UK,Clothing,Footwear,114982
10896,S807,Bed,1,2024-04-24,25423,440,Canada,Furniture,Bedroom,25423
10897,S655,Coat,3,2024-03-19,45947,689,USA,Clothing,Outerwear,137841
10898,S790,CoffeeTable,1,2024-04-26,33933,472,India,Furniture,LivingRoom,33933
10899,S474,Sandals,4,2024-01-06,40775,475,USA,Clothing,Footwear,163100
10900,S652,Sofa,2,2024-01-31,22149,216,Germany,Furniture,LivingRoom,44298
10901,S373,Chair,3,2024-04-24,23315,615,Germany,Furniture,Office,69945
10902,S597,Laptop,3,2024-02-27,22824,613,Canada,Electronics,Computers,68472
10903,S919,Sandals,4,2024-02-17,40894,789,India,Clothing,Footwear,163576
10904,S283,Shoes,1,2024-04-24,25803,395,India,Clothing,Footwear,25803
10905,S608,Trousers,1,2024-01-19,45883,254,USA,Clothing,Bottoms,45883
10906,S235,CoffeeTable,4,2024-03-10,44921,585,UK,Furniture,LivingRoom,179684
10907,S122,Microwave,3,2024-01-09,12590,992,USA,Electronics,Appliances,37770
10908,S761,DiningChair,5,2024-03-24,22665,905,UK,Furniture,Dining,113325
10909,S908,Refrigerator,3,2024-01-17,37375,413,USA,Electronics,Appliances,112125
10910,S965,Keyboard,3,2024-04-08,19083,148,USA,Electronics,Accessories,57249
10911,S264,Speaker,2,2024-04-28,40742,828,Canada,Electronics,Entertainment,81484
10912,S219,Mouse,2,2024-01-31,10767,142,UK,Electronics,Accessories,21534
10913,S310,Desk,3,2024-01-24,24426,675,India,Furniture,Office,73278
10914,S652,DiningChair,2,2024-02-27,24639,266,Canada,Furniture,Dining,49278
10915,S248,Laptop,4,2024-04-08,32929,569,UK,Electronics,Computers,131716
10916,S762,Hoodie,5,2024-02-12,33453,822,UK,Clothing,Tops,167265
10917,S552,TV,5,2024-04-26,47945,446,India,Electronics,Entertainment,239725
10918,S219,Bed,2,2024-03-11,44633,415,India,Furniture,Bedroom,89266
10919,S156,Keyboard,3,2024-02-11,6260,722,USA,Electronics,Accessories,18780
10920,S651,Desk,2,2024-01-11,1677,969,Germany,Furniture,Office,3354
10921,S717,CoffeeTable,2,2024-02-10,32343,719,Canada,Furniture,LivingRoom,64686
10922,S537,Coat,2,2024-04-19,47121,478,Germany,Clothing,Outerwear,94242
10923,S556,Desktop,3,2024-02-09,23226,995,Canada,Electronics,Computers,69678
10924,S395,Trousers,4,2024-02-26,52870,267,Germany,Clothing,Bottoms,211480
10925,S247,Bed,5,2024-01-12,39386,312,UK,Furniture,Bedroom,196930
10926,S190,TV,5,2024-02-18,49752,106,Germany,Electronics,Entertainment,248760
10927,S827,DiningChair,2,2024-02-29,36625,681,USA,Furniture,Dining,73250
10928,S143,Trousers,3,2024-03-03,36498,942,UK,Clothing,Bottoms,109494
10929,S329,DiningChair,5,2024-02-29,48687,127,India,Furniture,Dining,243435
10930,S781,Coat,4,2024-03-24,8338,394,Germany,Clothing,Outerwear,33352
10931,S383,Shoes,1,2024-04-07,8022,604,India,Clothing,Footwear,8022
10932,S364,DiningChair,5,2024-04-21,28778,743,Germany,Furniture,Dining,143890
10933,S117,CoffeeTable,5,2024-03-14,48235,965,UK,Furniture,LivingRoom,241175
10934,S809,T-shirt,3,2024-04-22,30414,238,UK,Clothing,Tops,91242
10935,S464,Shirt,3,2024-03-22,27693,149,UK,Clothing,Tops,83079
10936,S713,Laptop,2,2024-01-13,50314,870,USA,Electronics,Computers,100628
10937,S814,DiningChair,3,2024-03-28,17990,804,UK,Furniture,Dining,53970
10938,S388,Jacket,1,2024-03-07,9175,481,Germany,Clothing,Outerwear,9175
10939,S615,TV,1,2024-01-20,14478,326,USA,Electronics,Entertainment,14478
10940,S938,CoffeeTable,4,2024-01-15,5206,234,India,Furniture,LivingRoom,20824
10941,S552,Speaker,3,2024-04-14,9310,711,Canada,Electronics,Entertainment,27930
10942,S934,Headphones,3,2024-04-05,2084,221,USA,Electronics,Accessories,6252
10943,S233,Jeans,3,2024-01-27,8414,180,Germany,Clothing,Bottoms,25242
10944,S875,Sofa,1,2024-03-02,50970,541,India,Furniture,LivingRoom,50970
10945,S580,T-shirt,5,2024-01-08,39074,221,UK,Clothing,Tops,195370
10946,S901,Shirt,1,2024-01-13,49650,226,Canada,Clothing,Tops,49650
10947,S249,Jeans,3,2024-01-12,2117,966,UK,Clothing,Bottoms,6351
10948,S899,DiningChair,2,2024-03-05,56242,846,Canada,Furniture,Dining,112484
10949,S641,T-shirt,5,2024-01-02,50219,322,USA,Clothing,Tops,251095
10950,S319,Headphones,1,2024-01-13,47736,616,Germany,Electronics,Accessories,47736
10951,S463,Keyboard,1,2024-04-16,12052,488,Germany,Electronics,Accessories,12052
10952,S226,Trousers,1,2024-02-10,50099,577,India,Clothing,Bottoms,50099
10953,S670,Desk,3,2024-02-06,46385,839,India,Furniture,Office,139155
10954,S567,Coat,1,2024-02-06,25417,714,UK,Clothing,Outerwear,25417
10955,S975,Bed,5,2024-02-07,26891,538,USA,Furniture,Bedroom,134455
10956,S603,Sandals,2,2024-03-27,1037,788,India,Clothing,Footwear,2074
10957,S510,Microwave,1,2024-02-20,9595,811,Canada,Electronics,Appliances,9595
10958,S305,Jeans,3,2024-02-13,13247,709,Germany,Clothing,Bottoms,39741
10959,S830,Trousers,4,2024-04-07,18452,884,Canada,Clothing,Bottoms,73808
10960,S717,DiningChair,3,2024-03-26,31383,514,Germany,Furniture,Dining,94149
10961,S356,DiningTable,4,2024-01-16,7280,601,Germany,Furniture,Dining,29120
10962,S950,Jeans,1,2024-01-07,48552,169,Germany,Clothing,Bottoms,48552
10963,S434,Sofa,4,2024-03-27,39822,256,UK,Furniture,LivingRoom,159288
10964,S911,Sofa,5,2024-03-04,50503,577,USA,Furniture,LivingRoom,252515
10965,S451,Refrigerator,5,2024-03-10,17348,928,Canada,Electronics,Appliances,86740
10966,S221,Sofa,4,2024-04-27,57879,492,Germany,Furniture,LivingRoom,231516
10967,S281,Refrigerator,4,2024-01-05,2558,670,UK,Electronics,Appliances,10232
10968,S832,Desk,4,2024-02-09,9013,498,Germany,Furniture,Office,36052
10969,S260,Sandals,4,2024-04-19,37047,618,India,Clothing,Footwear,148188
10970,S792,Speaker,5,2024-03-19,24959,461,UK,Electronics,Entertainment,124795
10971,S957,Laptop,5,2024-01-17,3156,475,UK,Electronics,Computers,15780
10972,S453,CoffeeTable,4,2024-02-24,6579,465,Germany,Furniture,LivingRoom,26316
10973,S419,Laptop,2,2024-03-23,15576,706,India,Electronics,Computers,31152
10974,S120,CoffeeTable,1,2024-01-22,22324,651,UK,Furniture,LivingRoom,22324
10975,S531,Sandals,5,2024-04-25,33935,373,India,Clothing,Footwear,169675
10976,S499,Bed,3,2024-03-14,24955,430,Canada,Furniture,Bedroom,74865
10977,S614,Shoes,2,2024-03-04,22217,930,UK,Clothing,Footwear,44434
10978,S750,Coat,4,2024-03-04,13422,967,India,Clothing,Outerwear,53688
10979,S687,Desk,3,2024-02-08,3315,511,USA,Furniture,Office,9945
10980,S168,Sofa,5,2024-02-04,22275,680,Canada,Furniture,LivingRoom,111375
10981,S767,Microwave,3,2024-01-10,52343,943,UK,Electronics,Appliances,157029
10982,S524,DiningChair,5,2024-01-26,20735,511,UK,Furniture,Dining,103675
10983,S628,Bed,1,2024-03-31,41346,983,USA,Furniture,Bedroom,41346
10984,S753,Bed,4,2024-04-29,17759,645,Canada,Furniture,Bedroom,71036
10985,S346,Laptop,3,2024-01-19,30509,254,UK,Electronics,Computers,91527
10986,S966,Refrigerator,1,2024-01-27,41745,522,UK,Electronics,Appliances,41745
10987,S344,Keyboard,5,2024-02-21,15675,216,USA,Electronics,Accessories,78375
10988,S673,T-shirt,3,2024-03-03,30619,546,Germany,Clothing,Tops,91857
10989,S129,Sofa,2,2024-01-18,18072,364,UK,Furniture,LivingRoom,36144
10990,S156,Chair,4,2024-01-03,51464,980,India,Furniture,Office,205856
10991,S787,TV,4,2024-02-16,58970,773,India,Electronics,Entertainment,235880
10992,S612,Mouse,1,2024-04-04,37619,223,Canada,Electronics,Accessories,37619
10993,S225,DiningChair,1,2024-03-17,15802,891,UK,Furniture,Dining,15802
10994,S209,Microwave,4,2024-01-19,14487,279,USA,Electronics,Appliances,57948
10995,S157,Refrigerator,3,2024-03-16,56751,602,Canada,Electronics,Appliances,170253
10996,S799,Desktop,5,2024-03-01,27972,352,UK,Electronics,Computers,139860
10997,S121,Coat,3,2024-02-09,54029,760,Canada,Clothing,Outerwear,162087
10998,S493,Hoodie,2,2024-03-11,16779,416,UK,Clothing,Tops,33558
10999,S502,Sofa,4,2024-01-02,25658,361,UK,Furniture,LivingRoom,102632
11000,S264,Trousers,2,2024-04-23,56522,549,UK,Clothing,Bottoms,113044
11001,S942,Bed,3,2024-01-11,56983,898,Germany,Furniture,Bedroom,170949
11002,S939,Refrigerator,4,2024-04-27,57659,202,USA,Electronics,Appliances,230636
11003,S846,DiningTable,3,2024-03-18,27782,932,Canada,Furniture,Dining,83346
11004,S756,DiningChair,1,2024-01-07,50136,756,USA,Furniture,Dining,50136
11005,S743,Bed,1,2024-01-26,26457,412,UK,Furniture,Bedroom,26457
11006,S830,Sofa,2,2024-03-07,16558,886,USA,Furniture,LivingRoom,33116
11007,S852,Wardrobe,4,2024-04-21,31550,236,UK,Furniture,Bedroom,126200
11008,S476,Coat,2,2024-02-23,5731,286,Germany,Clothing,Outerwear,11462
11009,S726,Mouse,1,2024-03-23,36803,741,USA,Electronics,Accessories,36803
11010,S272,Shoes,3,2024-04-19,46157,150,Germany,Clothing,Footwear,138471
11011,S274,Wardrobe,2,2024-02-17,6036,680,India,Furniture,Bedroom,12072
11012,S830,Sandals,4,2024-01-29,7966,308,USA,Clothing,Footwear,31864
11013,S976,Speaker,4,2024-02-25,8732,311,Canada,Electronics,Entertainment,34928
11014,S911,Jacket,4,2024-02-22,12020,249,India,Clothing,Outerwear,48080
11015,S354,TV,5,2024-04-26,29755,478,Canada,Electronics,Entertainment,148775
11016,S992,Bed,1,2024-01-18,30928,431,Germany,Furniture,Bedroom,30928
11017,S362,Desk,4,2024-03-17,48441,174,India,Furniture,Office,193764
11018,S462,Sofa,3,2024-03-01,15590,720,Canada,Furniture,LivingRoom,46770
11019,S490,Sofa,3,2024-03-20,33265,409,Germany,Furniture,LivingRoom,99795
11020,S283,DiningTable,5,2024-03-15,2895,366,USA,Furniture,Dining,14475
11021,S424,Wardrobe,4,2024-01-12,8845,827,Canada,Furniture,Bedroom,35380
11022,S230,Keyboard,1,2024-01-06,20730,611,UK,Electronics,Accessories,20730
11023,S369,DiningChair,3,2024-04-22,59365,727,UK,Furniture,Dining,178095
11024,S603,DiningChair,2,2024-04-04,20879,882,USA,Furniture,Dining,41758
11025,S335,Bed,2,2024-01-07,9940,287,India,Furniture,Bedroom,19880
11026,S606,TV,4,2024-01-15,28801,141,Germany,Electronics,Entertainment,115204
11027,S837,Refrigerator,4,2024-04-18,7572,987,USA,Electronics,Appliances,30288
11028,S284,Jacket,2,2024-02-06,57096,954,USA,Clothing,Outerwear,114192
11029,S885,DiningTable,5,2024-03-08,470,684,USA,Furniture,Dining,2350
11030,S436,Laptop,4,2024-01-13,44561,126,UK,Electronics,Computers,178244
11031,S208,CoffeeTable,3,2024-04-28,38888,957,UK,Furniture,LivingRoom,116664
11032,S775,T-shirt,4,2024-03-31,54640,591,Germany,Clothing,Tops,218560
11033,S737,DiningTable,3,2024-03-24,3073,563,UK,Furniture,Dining,9219
11034,S389,Chair,1,2024-03-23,52730,430,India,Furniture,Office,52730
11035,S282,CoffeeTable,1,2024-02-02,26339,345,Germany,Furniture,LivingRoom,26339
11036,S512,T-shirt,2,2024-04-09,25660,391,USA,Clothing,Tops,51320
11037,S417,Coat,4,2024-04-13,48427,801,Canada,Clothing,Outerwear,193708
11038,S601,Jacket,3,2024-01-26,33797,556,Germany,Clothing,Outerwear,101391
11039,S930,Speaker,1,2024-02-24,49777,477,Canada,Electronics,Entertainment,49777
11040,S449,Sandals,1,2024-03-06,2850,574,USA,Clothing,Footwear,2850
11041,S637,Desk,5,2024-03-23,41458,185,UK,Furniture,Office,207290
11042,S230,Microwave,4,2024-01-20,19886,800,UK,Electronics,Appliances,79544
11043,S178,Sandals,5,2024-03-11,3327,146,Canada,Clothing,Footwear,16635
11044,S837,Sandals,1,2024-03-25,30651,682,UK,Clothing,Footwear,30651
11045,S858,TV,5,2024-01-15,1266,777,Germany,Electronics,Entertainment,6330
11046,S997,Trousers,1,2024-02-23,5658,821,UK,Clothing,Bottoms,5658
11047,S449,Refrigerator,5,2024-02-03,53142,992,USA,Electronics,Appliances,265710
11048,S789,Jeans,5,2024-04-21,17194,208,Germany,Clothing,Bottoms,85970
11049,S275,Sofa,4,2024-01-02,7846,771,Germany,Furniture,LivingRoom,31384
11050,S731,Refrigerator,3,2024-04-14,40733,469,Germany,Electronics,Appliances,122199
11051,S214,Laptop,2,2024-01-25,1109,935,India,Electronics,Computers,2218
11052,S248,Chair,2,2024-03-24,31730,765,USA,Furniture,Office,63460
11053,S251,Mouse,3,2024-02-29,50644,585,Germany,Electronics,Accessories,151932
11054,S555,T-shirt,2,2024-03-30,48616,596,Germany,Clothing,Tops,97232
11055,S949,Shoes,2,2024-03-13,19522,953,Germany,Clothing,Footwear,39044
11056,S830,Jacket,1,2024-04-18,41514,542,Germany,Clothing,Outerwear,41514
11057,S625,TV,4,2024-03-03,26393,705,Canada,Electronics,Entertainment,105572
11058,S532,Bed,1,2024-01-03,34823,690,UK,Furniture,Bedroom,34823
11059,S219,CoffeeTable,4,2024-03-01,58470,606,Canada,Furniture,LivingRoom,233880
11060,S394,DiningChair,4,2024-01-21,1563,843,USA,Furniture,Dining,6252
11061,S701,Speaker,2,2024-01-29,33468,801,UK,Electronics,Entertainment,66936
11062,S499,Bed,3,2024-04-01,47582,526,UK,Furniture,Bedroom,142746
11063,S867,Headphones,2,2024-03-29,18711,188,Germany,Electronics,Accessories,37422
11064,S203,Jeans,2,2024-03-03,39898,912,Germany,Clothing,Bottoms,79796
11065,S118,TV,2,2024-01-07,36692,467,UK,Electronics,Entertainment,73384
11066,S165,Mouse,5,2024-04-13,2295,445,Germany,Electronics,Accessories,11475
11067,S364,Jeans,5,2024-03-03,14886,448,UK,Clothing,Bottoms,74430
11068,S206,Jacket,5,2024-03-26,39802,823,India,Clothing,Outerwear,199010
11069,S724,Microwave,1,2024-03-19,51426,900,India,Electronics,Appliances,51426
11070,S991,Sofa,2,2024-01-16,41482,310,UK,Furniture,LivingRoom,82964
11071,S991,Coat,5,2024-04-03,32862,201,USA,Clothing,Outerwear,164310
11072,S306,DiningChair,2,2024-04-18,8259,549,Germany,Furniture,Dining,16518
11073,S275,Trousers,3,2024-03-05,18992,187,UK,Clothing,Bottoms,56976
11074,S871,Refrigerator,2,2024-04-06,10135,642,Germany,Electronics,Appliances,20270
11075,S569,Trousers,4,2024-04-24,27024,972,Canada,Clothing,Bottoms,108096
11076,S110,DiningTable,4,2024-04-08,9741,834,Canada,Furniture,Dining,38964
11077,S268,Shirt,3,2024-04-08,26522,544,India,Clothing,Tops,79566
11078,S830,Laptop,5,2024-03-21,3988,918,Canada,Electronics,Computers,19940
11079,S838,Refrigerator,5,2024-02-08,57448,860,UK,Electronics,Appliances,287240
11080,S250,Desktop,5,2024-04-27,40203,817,Germany,Electronics,Computers,201015
11081,S767,Headphones,5,2024-03-20,51864,552,UK,Electronics,Accessories,259320
11082,S650,Bed,3,2024-01-05,5723,442,Germany,Furniture,Bedroom,17169
11083,S665,Desk,2,2024-03-06,6283,419,Canada,Furniture,Office,12566
11084,S652,Mouse,1,2024-04-11,58547,706,UK,Electronics,Accessories,58547
11085,S161,Coat,5,2024-04-03,7437,961,UK,Clothing,Outerwear,37185
11086,S227,TV,1,2024-03-24,49781,559,UK,Electronics,Entertainment,49781
11087,S863,CoffeeTable,3,2024-04-13,15672,695,Canada,Furniture,LivingRoom,47016
11088,S903,Desk,3,2024-03-26,18847,934,Canada,Furniture,Office,56541
11089,S207,Desk,5,2024-02-01,48533,435,Canada,Furniture,Office,242665
11090,S828,Desk,4,2024-01-19,6621,535,Germany,Furniture,Office,26484
11091,S587,T-shirt,4,2024-01-17,58429,319,Germany,Clothing,Tops,233716
11092,S897,Coat,5,2024-03-07,36832,504,UK,Clothing,Outerwear,184160
11093,S601,Wardrobe,4,2024-04-29,45355,849,Germany,Furniture,Bedroom,181420
11094,S232,Jeans,4,2024-02-28,46805,821,Canada,Clothing,Bottoms,187220
11095,S864,Sofa,4,2024-01-05,31221,260,Canada,Furniture,LivingRoom,124884
11096,S685,Desktop,1,2024-02-17,8121,396,India,Electronics,Computers,8121
11097,S410,Chair,3,2024-02-17,20183,401,Germany,Furniture,Office,60549
11098,S412,Jeans,5,2024-01-07,27840,390,USA,Clothing,Bottoms,139200
11099,S169,Shoes,1,2024-02-14,36083,991,India,Clothing,Footwear,36083
11100,S445,Refrigerator,5,2024-04-25,29846,900,Germany,Electronics,Appliances,149230
11101,S879,Mouse,5,2024-02-28,41911,560,Germany,Electronics,Accessories,209555
11102,S519,Jacket,5,2024-03-20,43748,496,USA,Clothing,Outerwear,218740
11103,S761,TV,4,2024-02-05,48428,190,USA,Electronics,Entertainment,193712
11104,S759,CoffeeTable,5,2024-01-16,42481,672,India,Furniture,LivingRoom,212405
11105,S587,Hoodie,5,2024-04-06,12612,614,India,Clothing,Tops,63060
11106,S351,Jeans,3,2024-01-27,51760,949,Canada,Clothing,Bottoms,155280
11107,S603,Desktop,4,2024-01-06,38793,982,India,Electronics,Computers,155172
11108,S640,Microwave,4,2024-04-20,1776,424,Germany,Electronics,Appliances,7104
11109,S392,Laptop,1,2024-01-22,35706,247,USA,Electronics,Computers,35706
11110,S273,Laptop,3,2024-03-27,26891,160,Canada,Electronics,Computers,80673
11111,S201,Mouse,1,2024-02-19,19731,427,USA,Electronics,Accessories,19731
11112,S223,Speaker,4,2024-04-25,54446,153,USA,Electronics,Entertainment,217784
11113,S494,Trousers,5,2024-03-05,49508,217,UK,Clothing,Bottoms,247540
11114,S595,Coat,5,2024-01-09,26878,129,Germany,Clothing,Outerwear,134390
11115,S791,Chair,3,2024-03-16,36511,203,USA,Furniture,Office,109533
11116,S185,Desk,5,2024-02-27,26856,966,Canada,Furniture,Office,134280
11117,S351,Trousers,5,2024-04-10,11222,650,Germany,Clothing,Bottoms,56110
11118,S949,Bed,1,2024-02-29,53457,735,UK,Furniture,Bedroom,53457
11119,S712,Chair,1,2024-02-04,31800,356,Germany,Furniture,Office,31800
11120,S265,Headphones,5,2024-01-06,18636,856,Canada,Electronics,Accessories,93180
11121,S225,CoffeeTable,1,2024-03-30,26106,950,USA,Furniture,LivingRoom,26106
11122,S921,DiningChair,2,2024-03-05,40206,425,UK,Furniture,Dining,80412
11123,S429,DiningChair,3,2024-03-25,16317,449,USA,Furniture,Dining,48951
11124,S102,TV,2,2024-04-28,42565,723,Germany,Electronics,Entertainment,85130
11125,S813,Hoodie,2,2024-03-12,27277,820,Germany,Clothing,Tops,54554
11126,S952,Laptop,5,2024-04-24,2228,935,Germany,Electronics,Computers,11140
11127,S466,CoffeeTable,4,2024-03-17,54428,496,USA,Furniture,LivingRoom,217712
11128,S297,Sofa,4,2024-04-29,24479,555,India,Furniture,LivingRoom,97916
11129,S935,Shirt,3,2024-01-12,12750,728,UK,Clothing,Tops,38250
11130,S387,Chair,4,2024-01-05,23989,604,Canada,Furniture,Office,95956
11131,S384,T-shirt,4,2024-04-21,7470,682,Canada,Clothing,Tops,29880
11132,S679,Headphones,2,2024-04-04,43443,788,Canada,Electronics,Accessories,86886
11133,S166,Chair,5,2024-04-05,8604,230,UK,Furniture,Office,43020
11134,S123,Desk,2,2024-03-27,55752,809,Canada,Furniture,Office,111504
11135,S789,DiningChair,1,2024-03-23,28191,765,India,Furniture,Dining,28191
11136,S630,Refrigerator,3,2024-03-28,8176,577,Germany,Electronics,Appliances,24528
11137,S530,Laptop,1,2024-04-27,18414,645,Germany,Electronics,Computers,18414
11138,S685,Desktop,2,2024-01-11,22135,927,India,Electronics,Computers,44270
11139,S268,Desk,1,2024-01-26,16582,437,UK,Furniture,Office,16582
11140,S124,T-shirt,4,2024-04-13,28508,706,UK,Clothing,Tops,114032
11141,S952,Mouse,4,2024-02-13,15821,155,UK,Electronics,Accessories,63284
11142,S882,Chair,5,2024-02-26,40803,197,Germany,Furniture,Office,204015
11143,S420,Sofa,1,2024-02-18,2385,968,India,Furniture,LivingRoom,2385
11144,S741,Shirt,1,2024-03-19,19957,542,India,Clothing,Tops,19957
11145,S490,Hoodie,1,2024-04-18,19527,511,India,Clothing,Tops,19527
11146,S738,Bed,5,2024-03-25,51807,110,Germany,Furniture,Bedroom,259035
11147,S447,Refrigerator,5,2024-01-13,40781,766,India,Electronics,Appliances,203905
11148,S709,TV,1,2024-01-02,6929,830,India,Electronics,Entertainment,6929
11149,S531,Chair,5,2024-02-15,16995,592,Canada,Furniture,Office,84975
11150,S161,Mouse,2,2024-01-06,52433,230,UK,Electronics,Accessories,104866
11151,S654,Wardrobe,3,2024-04-23,38451,894,USA,Furniture,Bedroom,115353
11152,S477,Sandals,5,2024-02-07,22672,108,Canada,Clothing,Footwear,113360
11153,S955,Chair,2,2024-04-14,33433,672,India,Furniture,Office,66866
11154,S306,TV,2,2024-04-26,42179,904,India,Electronics,Entertainment,84358
11155,S578,Headphones,4,2024-03-29,45733,714,UK,Electronics,Accessories,182932
11156,S207,DiningChair,4,2024-01-21,21736,565,India,Furniture,Dining,86944
11157,S577,Mouse,2,2024-01-30,45630,738,USA,Electronics,Accessories,91260
11158,S288,Sandals,4,2024-02-21,13655,945,India,Clothing,Footwear,54620
11159,S217,Laptop,3,2024-03-12,2167,245,UK,Electronics,Computers,6501
11160,S144,Headphones,5,2024-02-16,50369,130,USA,Electronics,Accessories,251845
11161,S836,Jacket,2,2024-02-03,58224,278,UK,Clothing,Outerwear,116448
11162,S963,Chair,2,2024-01-23,1608,368,India,Furniture,Office,3216
11163,S315,Trousers,1,2024-04-29,22376,412,Germany,Clothing,Bottoms,22376
11164,S738,Coat,2,2024-04-12,34732,544,India,Clothing,Outerwear,69464
11165,S487,Jeans,2,2024-03-09,12762,811,UK,Clothing,Bottoms,25524
11166,S701,Microwave,1,2024-03-19,50209,293,Canada,Electronics,Appliances,50209
11167,S914,Keyboard,2,2024-03-21,3690,386,USA,Electronics,Accessories,7380
11168,S909,Bed,1,2024-03-01,51623,779,Canada,Furniture,Bedroom,51623
11169,S631,Trousers,5,2024-03-04,24727,575,USA,Clothing,Bottoms,123635
11170,S695,Speaker,4,2024-02-04,31248,510,Canada,Electronics,Entertainment,124992
11171,S562,Sofa,2,2024-01-26,58847,983,USA,Furniture,LivingRoom,117694
11172,S685,Keyboard,4,2024-02-18,58442,260,UK,Electronics,Accessories,233768
11173,S631,Laptop,1,2024-02-26,19536,460,USA,Electronics,Computers,19536
11174,S536,CoffeeTable,5,2024-02-13,40906,561,Germany,Furniture,LivingRoom,204530
11175,S491,Refrigerator,4,2024-02-04,20976,125,USA,Electronics,Appliances,83904
11176,S184,Keyboard,1,2024-04-25,23733,401,Canada,Electronics,Accessories,23733
11177,S173,CoffeeTable,2,2024-01-16,6649,468,India,Furniture,LivingRoom,13298
11178,S356,Desk,2,2024-02-12,44443,409,UK,Furniture,Office,88886
11179,S388,Trousers,1,2024-02-08,50667,942,UK,Clothing,Bottoms,50667
11180,S879,Microwave,4,2024-03-06,43066,252,Germany,Electronics,Appliances,172264
11181,S701,Jeans,4,2024-03-07,15517,904,Canada,Clothing,Bottoms,62068
11182,S292,Refrigerator,1,2024-04-18,20717,539,Germany,Electronics,Appliances,20717
11183,S242,Sandals,5,2024-02-17,2172,691,USA,Clothing,Footwear,10860
11184,S529,Desktop,3,2024-01-29,22470,535,Germany,Electronics,Computers,67410
11185,S904,DiningChair,5,2024-03-13,1723,132,USA,Furniture,Dining,8615
11186,S165,Coat,4,2024-02-20,13582,647,Germany,Clothing,Outerwear,54328
11187,S754,Shoes,3,2024-02-27,37523,411,India,Clothing,Footwear,112569
11188,S946,Hoodie,5,2024-01-05,11841,805,Canada,Clothing,Tops,59205
11189,S495,Laptop,2,2024-04-26,4754,390,USA,Electronics,Computers,9508
11190,S630,Jacket,4,2024-02-17,3965,111,USA,Clothing,Outerwear,15860
11191,S649,Refrigerator,2,2024-01-17,7457,528,Germany,Electronics,Appliances,14914
11192,S310,CoffeeTable,2,2024-04-21,8715,417,Germany,Furniture,LivingRoom,17430
11193,S417,Bed,5,2024-04-30,37889,701,USA,Furniture,Bedroom,189445
11194,S556,Wardrobe,2,2024-01-19,687,165,Germany,Furniture,Bedroom,1374
11195,S571,Desk,5,2024-03-03,57821,573,Canada,Furniture,Office,289105
11196,S962,Shirt,4,2024-03-30,22926,828,UK,Clothing,Tops,91704
11197,S732,Keyboard,2,2024-04-25,11968,850,Germany,Electronics,Accessories,23936
11198,S815,Microwave,5,2024-02-20,6460,144,USA,Electronics,Appliances,32300
11199,S839,Coat,1,2024-04-02,45947,322,Germany,Clothing,Outerwear,45947
11200,S616,Desktop,1,2024-01-14,49705,884,UK,Electronics,Computers,49705
11201,S145,Microwave,3,2024-03-05,13790,573,India,Electronics,Appliances,41370
11202,S976,Sandals,3,2024-02-21,49087,299,Germany,Clothing,Footwear,147261
11203,S239,Shirt,1,2024-04-27,46671,434,Germany,Clothing,Tops,46671
11204,S348,Microwave,1,2024-03-25,36141,830,Germany,Electronics,Appliances,36141
11205,S118,Sandals,2,2024-04-17,11379,721,India,Clothing,Footwear,22758
11206,S272,Jacket,5,2024-02-20,48791,179,India,Clothing,Outerwear,243955
11207,S321,DiningTable,4,2024-01-23,23667,831,India,Furniture,Dining,94668
11208,S930,Desk,1,2024-03-22,55020,635,India,Furniture,Office,55020
11209,S149,Speaker,1,2024-01-01,39403,890,Germany,Electronics,Entertainment,39403
11210,S116,Trousers,2,2024-01-12,13306,531,India,Clothing,Bottoms,26612
11211,S198,Jacket,1,2024-04-22,14655,916,USA,Clothing,Outerwear,14655
11212,S935,Chair,4,2024-01-14,33787,434,UK,Furniture,Office,135148
11213,S538,Chair,5,2024-04-30,26090,223,USA,Furniture,Office,130450
11214,S511,Shirt,3,2024-01-02,11578,769,UK,Clothing,Tops,34734
11215,S773,Shoes,4,2024-01-09,14624,934,UK,Clothing,Footwear,58496
11216,S520,DiningTable,1,2024-01-28,58229,408,Canada,Furniture,Dining,58229
11217,S432,Laptop,3,2024-03-17,6409,746,Germany,Electronics,Computers,19227
11218,S804,Desk,2,2024-04-07,41838,425,Germany,Furniture,Office,83676
11219,S559,Jacket,5,2024-03-15,59975,491,Canada,Clothing,Outerwear,299875
11220,S877,Chair,2,2024-03-19,1590,227,UK,Furniture,Office,3180
11221,S240,Shoes,5,2024-01-08,5402,483,Germany,Clothing,Footwear,27010
11222,S138,Mouse,4,2024-03-23,13594,343,Canada,Electronics,Accessories,54376
11223,S905,TV,3,2024-03-23,21010,878,India,Electronics,Entertainment,63030
11224,S850,Wardrobe,1,2024-04-18,15208,439,UK,Furniture,Bedroom,15208
11225,S812,Jeans,2,2024-03-28,52723,836,USA,Clothing,Bottoms,105446
11226,S106,Wardrobe,2,2024-03-21,29190,166,Germany,Furniture,Bedroom,58380
11227,S193,Jeans,2,2024-01-17,13583,277,Canada,Clothing,Bottoms,27166
11228,S842,Chair,5,2024-02-24,5322,578,UK,Furniture,Office,26610
11229,S354,Jeans,4,2024-03-18,11762,410,UK,Clothing,Bottoms,47048
11230,S592,Bed,3,2024-04-10,56719,181,UK,Furniture,Bedroom,170157
11231,S617,Microwave,4,2024-02-24,29126,724,Germany,Electronics,Appliances,116504
11232,S185,Shoes,4,2024-04-19,28209,877,UK,Clothing,Footwear,112836
11233,S413,Chair,3,2024-02-29,25133,564,UK,Furniture,Office,75399
11234,S580,Microwave,3,2024-04-01,9155,300,USA,Electronics,Appliances,27465
11235,S483,T-shirt,5,2024-04-02,48065,603,Germany,Clothing,Tops,240325
11236,S756,Refrigerator,4,2024-02-09,32283,702,India,Electronics,Appliances,129132
11237,S298,Laptop,4,2024-01-21,37267,881,Germany,Electronics,Computers,149068
11238,S766,Speaker,3,2024-01-08,45842,494,Germany,Electronics,Entertainment,137526
11239,S932,Chair,4,2024-04-27,2461,470,India,Furniture,Office,9844
11240,S797,Desk,5,2024-04-30,30049,250,UK,Furniture,Office,150245
11241,S759,Jeans,1,2024-01-12,50726,828,Germany,Clothing,Bottoms,50726
11242,S537,Laptop,4,2024-04-16,11067,358,UK,Electronics,Computers,44268
11243,S845,Wardrobe,4,2024-04-22,49513,990,India,Furniture,Bedroom,198052
11244,S866,Jacket,3,2024-01-27,49268,507,UK,Clothing,Outerwear,147804
11245,S892,Trousers,1,2024-01-09,6548,813,Germany,Clothing,Bottoms,6548
11246,S483,Wardrobe,4,2024-01-23,11382,290,USA,Furniture,Bedroom,45528
11247,S680,Shoes,5,2024-02-27,7424,933,USA,Clothing,Footwear,37120
11248,S296,Jeans,2,2024-04-07,53230,365,Germany,Clothing,Bottoms,106460
11249,S486,Laptop,1,2024-01-11,19410,227,UK,Electronics,Computers,19410
11250,S596,Jacket,5,2024-03-02,15586,788,India,Clothing,Outerwear,77930
11251,S908,Shirt,1,2024-03-15,43802,142,India,Clothing,Tops,43802
11252,S372,Shirt,5,2024-04-07,34283,597,Germany,Clothing,Tops,171415
11253,S451,Refrigerator,3,2024-04-23,44886,422,USA,Electronics,Appliances,134658
11254,S994,Refrigerator,5,2024-02-15,3951,438,India,Electronics,Appliances,19755
11255,S225,Sandals,2,2024-03-18,1882,989,Canada,Clothing,Footwear,3764
11256,S774,Keyboard,4,2024-03-28,40724,990,Germany,Electronics,Accessories,162896
11257,S932,Bed,1,2024-04-30,42016,429,India,Furniture,Bedroom,42016
11258,S339,DiningTable,3,2024-02-26,44628,721,Germany,Furniture,Dining,133884
11259,S977,Desktop,4,2024-03-25,31403,816,India,Electronics,Computers,125612
11260,S246,Wardrobe,5,2024-04-01,12984,990,Canada,Furniture,Bedroom,64920
11261,S408,Sofa,4,2024-01-12,52420,952,Canada,Furniture,LivingRoom,209680
11262,S653,Keyboard,1,2024-03-25,31799,346,USA,Electronics,Accessories,31799
11263,S129,Jeans,1,2024-04-01,28701,264,UK,Clothing,Bottoms,28701
11264,S786,TV,3,2024-03-01,43842,226,USA,Electronics,Entertainment,131526
11265,S689,Bed,3,2024-01-29,57343,884,Canada,Furniture,Bedroom,172029
11266,S903,Coat,4,2024-03-23,43055,675,Germany,Clothing,Outerwear,172220
11267,S214,Trousers,1,2024-01-12,19269,191,UK,Clothing,Bottoms,19269
11268,S973,Chair,5,2024-01-17,24300,420,Germany,Furniture,Office,121500
11269,S294,CoffeeTable,1,2024-03-09,38870,967,Germany,Furniture,LivingRoom,38870
11270,S716,Speaker,2,2024-03-25,34262,704,USA,Electronics,Entertainment,68524
11271,S423,Shoes,5,2024-02-28,56060,248,UK,Clothing,Footwear,280300
11272,S249,Sandals,2,2024-02-06,39617,864,India,Clothing,Footwear,79234
11273,S380,DiningChair,5,2024-01-16,45328,968,Canada,Furniture,Dining,226640
11274,S160,Keyboard,3,2024-02-18,46346,929,UK,Electronics,Accessories,139038
11275,S283,Jeans,1,2024-04-09,56916,977,Germany,Clothing,Bottoms,56916
11276,S501,Wardrobe,2,2024-03-11,1613,445,Germany,Furniture,Bedroom,3226
11277,S640,Wardrobe,4,2024-01-10,25828,844,UK,Furniture,Bedroom,103312
11278,S234,Headphones,5,2024-01-13,26006,431,Canada,Electronics,Accessories,130030
11279,S552,Coat,2,2024-01-18,38024,812,Germany,Clothing,Outerwear,76048
11280,S300,Mouse,2,2024-04-05,52914,852,India,Electronics,Accessories,105828
11281,S961,Laptop,4,2024-03-27,28191,272,India,Electronics,Computers,112764
11282,S627,Coat,2,2024-01-16,3638,765,UK,Clothing,Outerwear,7276
11283,S221,Bed,4,2024-01-05,16256,346,Germany,Furniture,Bedroom,65024
11284,S914,TV,4,2024-03-29,51046,786,India,Electronics,Entertainment,204184
11285,S222,Refrigerator,4,2024-01-02,24272,219,India,Electronics,Appliances,97088
11286,S686,Shoes,1,2024-03-14,38659,591,UK,Clothing,Footwear,38659
11287,S819,Sofa,4,2024-03-23,31931,544,UK,Furniture,LivingRoom,127724
11288,S982,Chair,3,2024-04-01,4361,914,Canada,Furniture,Office,13083
11289,S649,Shoes,4,2024-04-14,36641,902,Canada,Clothing,Footwear,146564
11290,S220,Laptop,2,2024-04-24,43360,285,Canada,Electronics,Computers,86720
11291,S421,Chair,5,2024-04-12,29509,225,India,Furniture,Office,147545
11292,S971,Jeans,1,2024-02-02,37063,871,India,Clothing,Bottoms,37063
11293,S275,Hoodie,3,2024-03-10,24026,533,India,Clothing,Tops,72078
11294,S400,Jacket,5,2024-04-10,59485,774,Canada,Clothing,Outerwear,297425
11295,S635,Headphones,4,2024-02-10,45754,460,Canada,Electronics,Accessories,183016
11296,S292,Chair,1,2024-01-05,15738,245,UK,Furniture,Office,15738
11297,S231,Jeans,5,2024-02-05,23731,846,Canada,Clothing,Bottoms,118655
11298,S267,Desktop,3,2024-03-24,25220,509,Germany,Electronics,Computers,75660
11299,S172,Coat,2,2024-01-27,35321,744,UK,Clothing,Outerwear,70642
11300,S940,Desk,5,2024-03-23,43277,623,Canada,Furniture,Office,216385
11301,S488,Shoes,3,2024-02-25,51828,126,Canada,Clothing,Footwear,155484
11302,S800,Shirt,1,2024-01-15,35030,661,Germany,Clothing,Tops,35030
11303,S896,Jacket,3,2024-02-12,59788,379,USA,Clothing,Outerwear,179364
11304,S487,Jacket,1,2024-01-29,24917,207,India,Clothing,Outerwear,24917
11305,S817,Coat,1,2024-02-14,34865,685,UK,Clothing,Outerwear,34865
11306,S869,DiningTable,1,2024-02-10,11390,498,USA,Furniture,Dining,11390
11307,S109,Refrigerator,5,2024-02-03,8560,803,Canada,Electronics,Appliances,42800
11308,S853,Chair,2,2024-03-13,25025,373,India,Furniture,Office,50050
11309,S568,DiningTable,5,2024-03-31,27610,287,Germany,Furniture,Dining,138050
11310,S835,Refrigerator,3,2024-03-07,28234,933,USA,Electronics,Appliances,84702
11311,S965,Desktop,4,2024-02-10,50700,192,India,Electronics,Computers,202800
11312,S186,Jeans,2,2024-01-08,37903,861,UK,Clothing,Bottoms,75806
11313,S848,Bed,4,2024-03-06,44570,239,Germany,Furniture,Bedroom,178280
11314,S951,Desktop,1,2024-01-25,40588,863,India,Electronics,Computers,40588
11315,S943,Wardrobe,2,2024-03-25,48629,640,Canada,Furniture,Bedroom,97258
11316,S279,Shoes,5,2024-01-29,59431,176,UK,Clothing,Footwear,297155
11317,S274,Jacket,4,2024-02-18,32673,482,India,Clothing,Outerwear,130692
11318,S594,Headphones,1,2024-02-08,19209,400,UK,Electronics,Accessories,19209
11319,S412,Hoodie,5,2024-01-28,25996,758,Canada,Clothing,Tops,129980
11320,S730,Sandals,1,2024-01-01,23514,571,UK,Clothing,Footwear,23514
11321,S839,TV,1,2024-04-23,23119,290,Germany,Electronics,Entertainment,23119
11322,S186,Laptop,4,2024-01-26,32446,641,Canada,Electronics,Computers,129784
11323,S887,Shoes,4,2024-01-20,652,772,UK,Clothing,Footwear,2608
11324,S538,Sandals,3,2024-02-16,19813,286,Canada,Clothing,Footwear,59439
11325,S462,Desktop,4,2024-01-18,10805,865,Germany,Electronics,Computers,43220
11326,S141,Jacket,1,2024-02-06,12623,236,Germany,Clothing,Outerwear,12623
11327,S590,TV,2,2024-01-26,43860,781,UK,Electronics,Entertainment,87720
11328,S798,Sandals,5,2024-04-12,32677,831,USA,Clothing,Footwear,163385
11329,S911,Refrigerator,2,2024-01-14,7391,121,USA,Electronics,Appliances,14782
11330,S949,Jacket,2,2024-03-27,3610,450,Germany,Clothing,Outerwear,7220
11331,S597,CoffeeTable,4,2024-02-06,19170,184,Germany,Furniture,LivingRoom,76680
11332,S217,Jeans,2,2024-04-08,18624,984,UK,Clothing,Bottoms,37248
11333,S901,Desk,2,2024-03-31,31257,929,India,Furniture,Office,62514
11334,S252,Chair,5,2024-03-22,41416,334,India,Furniture,Office,207080
11335,S249,Shoes,3,2024-04-28,12794,536,India,Clothing,Footwear,38382
11336,S637,Chair,1,2024-02-22,25126,413,USA,Furniture,Office,25126
11337,S537,Coat,4,2024-03-06,4220,759,India,Clothing,Outerwear,16880
11338,S459,Desktop,3,2024-04-30,18586,828,Germany,Electronics,Computers,55758
11339,S153,Jacket,2,2024-01-01,2879,776,UK,Clothing,Outerwear,5758
11340,S203,Coat,3,2024-03-18,59738,541,USA,Clothing,Outerwear,179214
11341,S199,Refrigerator,3,2024-01-15,20146,785,India,Electronics,Appliances,60438
11342,S470,Desk,3,2024-04-13,48781,860,Canada,Furniture,Office,146343
11343,S493,DiningTable,3,2024-03-15,13964,189,India,Furniture,Dining,41892
11344,S770,T-shirt,5,2024-04-23,59980,937,USA,Clothing,Tops,299900
11345,S451,Shoes,1,2024-03-20,36020,408,Germany,Clothing,Footwear,36020
11346,S663,Jeans,2,2024-02-23,12763,828,UK,Clothing,Bottoms,25526
11347,S220,DiningChair,4,2024-04-01,41478,546,India,Furniture,Dining,165912
11348,S813,Microwave,2,2024-02-05,39466,232,UK,Electronics,Appliances,78932
11349,S507,Hoodie,2,2024-04-14,48743,606,Canada,Clothing,Tops,97486
11350,S493,Sofa,4,2024-03-06,49399,675,Germany,Furniture,LivingRoom,197596
11351,S685,TV,2,2024-01-21,435,323,Canada,Electronics,Entertainment,870
11352,S637,CoffeeTable,5,2024-04-02,46583,365,UK,Furniture,LivingRoom,232915
11353,S329,Coat,5,2024-01-22,8005,146,Canada,Clothing,Outerwear,40025
11354,S236,Jacket,2,2024-02-05,58107,376,India,Clothing,Outerwear,116214
11355,S764,Chair,5,2024-01-01,7814,455,Canada,Furniture,Office,39070
11356,S236,TV,5,2024-04-02,17504,518,Canada,Electronics,Entertainment,87520
11357,S324,TV,1,2024-02-15,54197,848,UK,Electronics,Entertainment,54197
11358,S896,Jacket,5,2024-04-21,43277,899,Canada,Clothing,Outerwear,216385
11359,S936,Sandals,5,2024-01-27,36302,552,USA,Clothing,Footwear,181510
11360,S978,TV,5,2024-04-13,41474,870,Germany,Electronics,Entertainment,207370
11361,S590,Shoes,4,2024-01-19,24359,195,Germany,Clothing,Footwear,97436
11362,S602,Shoes,2,2024-03-13,12577,846,USA,Clothing,Footwear,25154
11363,S281,DiningTable,3,2024-04-23,10877,937,Germany,Furniture,Dining,32631
11364,S351,Chair,2,2024-02-24,4921,565,Germany,Furniture,Office,9842
11365,S493,Jeans,5,2024-02-18,6735,121,India,Clothing,Bottoms,33675
11366,S374,T-shirt,2,2024-01-11,50670,246,Canada,Clothing,Tops,101340
11367,S446,T-shirt,5,2024-04-14,48443,973,India,Clothing,Tops,242215
11368,S935,Trousers,5,2024-02-26,58683,267,UK,Clothing,Bottoms,293415
11369,S808,Microwave,2,2024-03-10,3861,373,Canada,Electronics,Appliances,7722
11370,S205,T-shirt,1,2024-02-07,35893,623,Germany,Clothing,Tops,35893
11371,S494,T-shirt,1,2024-02-24,15055,250,UK,Clothing,Tops,15055
11372,S832,DiningTable,4,2024-04-23,45207,942,India,Furniture,Dining,180828
11373,S465,Mouse,2,2024-02-06,6867,178,Canada,Electronics,Accessories,13734
11374,S719,Desktop,1,2024-01-06,58893,254,USA,Electronics,Computers,58893
11375,S783,TV,4,2024-04-24,10044,803,UK,Electronics,Entertainment,40176
11376,S611,DiningChair,1,2024-04-27,17966,777,UK,Furniture,Dining,17966
11377,S250,Laptop,2,2024-03-24,51172,427,USA,Electronics,Computers,102344
11378,S537,Refrigerator,1,2024-03-14,7616,844,UK,Electronics,Appliances,7616
11379,S494,Shirt,2,2024-04-08,12119,461,UK,Clothing,Tops,24238
11380,S751,Refrigerator,4,2024-04-11,39635,441,USA,Electronics,Appliances,158540
11381,S651,Desk,4,2024-03-04,36201,646,Germany,Furniture,Office,144804
11382,S531,Desk,1,2024-04-01,38274,639,Canada,Furniture,Office,38274
11383,S308,Chair,2,2024-01-01,23904,971,India,Furniture,Office,47808
11384,S457,Microwave,1,2024-04-26,4104,469,USA,Electronics,Appliances,4104
11385,S315,Microwave,5,2024-02-01,27795,947,USA,Electronics,Appliances,138975
11386,S126,Jeans,2,2024-04-03,24937,812,Germany,Clothing,Bottoms,49874
11387,S957,Laptop,5,2024-03-02,5034,708,USA,Electronics,Computers,25170
11388,S178,Trousers,2,2024-02-01,5376,112,Canada,Clothing,Bottoms,10752
11389,S866,Mouse,4,2024-01-18,48929,640,UK,Electronics,Accessories,195716
11390,S811,Refrigerator,4,2024-03-23,51409,113,UK,Electronics,Appliances,205636
11391,S277,Jeans,1,2024-04-06,39795,615,USA,Clothing,Bottoms,39795
11392,S949,Sandals,4,2024-04-01,36517,364,Canada,Clothing,Footwear,146068
11393,S194,DiningTable,4,2024-02-04,10476,634,Germany,Furniture,Dining,41904
11394,S501,Trousers,5,2024-01-29,3869,288,Canada,Clothing,Bottoms,19345
11395,S757,CoffeeTable,4,2024-03-24,20725,514,Germany,Furniture,LivingRoom,82900
11396,S211,Shirt,4,2024-02-04,12961,206,India,Clothing,Tops,51844
11397,S654,TV,2,2024-01-21,18694,209,India,Electronics,Entertainment,37388
11398,S753,Shirt,2,2024-01-26,36355,133,USA,Clothing,Tops,72710
11399,S146,Laptop,5,2024-03-02,51988,149,UK,Electronics,Computers,259940
11400,S507,Jacket,3,2024-02-06,49462,612,USA,Clothing,Outerwear,148386
11401,S199,Refrigerator,2,2024-03-27,46249,439,Germany,Electronics,Appliances,92498
11402,S491,Sofa,1,2024-04-11,38681,588,Canada,Furniture,LivingRoom,38681
11403,S180,Jacket,2,2024-02-29,44920,740,India,Clothing,Outerwear,89840
11404,S264,Chair,2,2024-04-01,50585,613,Canada,Furniture,Office,101170
11405,S468,DiningChair,2,2024-02-07,22418,738,Germany,Furniture,Dining,44836
11406,S176,Shoes,2,2024-03-18,40202,256,Canada,Clothing,Footwear,80404
11407,S991,Bed,1,2024-04-08,9546,416,Canada,Furniture,Bedroom,9546
11408,S402,Shoes,4,2024-01-22,20759,265,India,Clothing,Footwear,83036
11409,S827,Speaker,1,2024-01-23,4861,890,Germany,Electronics,Entertainment,4861
11410,S243,Refrigerator,4,2024-04-28,42817,226,Canada,Electronics,Appliances,171268
11411,S977,Desktop,3,2024-02-22,26475,734,USA,Electronics,Computers,79425
11412,S523,Speaker,3,2024-03-28,5671,618,Germany,Electronics,Entertainment,17013
11413,S674,Laptop,2,2024-04-15,46058,108,USA,Electronics,Computers,92116
11414,S974,Coat,2,2024-02-21,37564,174,USA,Clothing,Outerwear,75128
11415,S757,Microwave,3,2024-02-29,30731,647,Germany,Electronics,Appliances,92193
11416,S543,T-shirt,1,2024-04-08,26214,304,Germany,Clothing,Tops,26214
11417,S317,Desktop,3,2024-03-03,39807,819,Germany,Electronics,Computers,119421
11418,S581,Coat,1,2024-01-20,35922,249,USA,Clothing,Outerwear,35922
11419,S908,Desktop,1,2024-02-16,53188,540,Germany,Electronics,Computers,53188
11420,S533,T-shirt,1,2024-03-28,49916,376,UK,Clothing,Tops,49916
11421,S514,Chair,2,2024-02-05,4738,183,UK,Furniture,Office,9476
11422,S365,Wardrobe,5,2024-03-26,14231,288,India,Furniture,Bedroom,71155
11423,S457,Sandals,3,2024-01-26,10982,529,Germany,Clothing,Footwear,32946
11424,S809,Headphones,4,2024-04-26,23445,684,Germany,Electronics,Accessories,93780
11425,S431,Jeans,5,2024-01-19,40603,780,UK,Clothing,Bottoms,203015
11426,S424,Trousers,2,2024-04-20,32931,216,Germany,Clothing,Bottoms,65862
11427,S754,Desktop,2,2024-02-27,41769,692,India,Electronics,Computers,83538
11428,S892,Jeans,4,2024-03-10,45842,270,Canada,Clothing,Bottoms,183368
11429,S690,Keyboard,2,2024-03-27,12727,114,UK,Electronics,Accessories,25454
11430,S988,Desktop,3,2024-04-14,33104,227,Germany,Electronics,Computers,99312
11431,S948,Wardrobe,4,2024-02-15,23250,655,Germany,Furniture,Bedroom,93000
11432,S482,DiningTable,2,2024-02-24,30269,281,Canada,Furniture,Dining,60538
11433,S775,Desk,4,2024-04-18,18879,805,Germany,Furniture,Office,75516
11434,S206,DiningTable,1,2024-04-17,53018,191,India,Furniture,Dining,53018
11435,S738,Bed,4,2024-04-06,49348,657,India,Furniture,Bedroom,197392
11436,S316,Bed,3,2024-02-23,56017,328,Germany,Furniture,Bedroom,168051
11437,S227,Bed,2,2024-03-01,56321,459,Germany,Furniture,Bedroom,112642
11438,S619,Microwave,3,2024-01-29,51462,390,UK,Electronics,Appliances,154386
11439,S104,DiningChair,4,2024-01-31,44325,524,India,Furniture,Dining,177300
11440,S631,T-shirt,3,2024-04-14,55300,939,Canada,Clothing,Tops,165900
11441,S669,TV,5,2024-01-31,28381,500,USA,Electronics,Entertainment,141905
11442,S751,Bed,5,2024-01-17,28321,499,USA,Furniture,Bedroom,141605
11443,S827,TV,4,2024-01-13,15336,920,USA,Electronics,Entertainment,61344
11444,S262,CoffeeTable,3,2024-03-11,55075,430,USA,Furniture,LivingRoom,165225
11445,S888,T-shirt,4,2024-03-21,956,707,USA,Clothing,Tops,3824
11446,S851,Hoodie,4,2024-04-05,1857,233,Germany,Clothing,Tops,7428
11447,S327,DiningTable,2,2024-04-24,42963,404,USA,Furniture,Dining,85926
11448,S381,Desk,3,2024-01-07,43405,184,USA,Furniture,Office,130215
11449,S710,Sofa,1,2024-04-28,30289,225,India,Furniture,LivingRoom,30289
11450,S606,Coat,2,2024-01-10,6280,964,UK,Clothing,Outerwear,12560
11451,S523,Shoes,4,2024-01-03,52330,175,Germany,Clothing,Footwear,209320
11452,S421,Sofa,4,2024-04-23,24792,748,Germany,Furniture,LivingRoom,99168
11453,S775,Trousers,1,2024-01-23,59420,680,Canada,Clothing,Bottoms,59420
11454,S714,Shirt,3,2024-03-19,31913,659,India,Clothing,Tops,95739
11455,S648,Jacket,2,2024-01-04,39922,123,Canada,Clothing,Outerwear,79844
11456,S322,Chair,3,2024-04-25,7722,130,UK,Furniture,Office,23166
11457,S593,Jeans,2,2024-02-05,17736,304,India,Clothing,Bottoms,35472
11458,S509,Speaker,4,2024-03-06,28777,297,UK,Electronics,Entertainment,115108
11459,S912,Trousers,4,2024-03-15,6943,884,Canada,Clothing,Bottoms,27772
11460,S556,Mouse,4,2024-04-23,28607,533,Canada,Electronics,Accessories,114428
11461,S492,DiningChair,5,2024-03-18,7248,539,USA,Furniture,Dining,36240
11462,S134,DiningChair,1,2024-01-22,29652,623,UK,Furniture,Dining,29652
11463,S760,Wardrobe,5,2024-04-22,54377,643,UK,Furniture,Bedroom,271885
11464,S539,Laptop,2,2024-02-11,53221,909,USA,Electronics,Computers,106442
11465,S480,Mouse,2,2024-02-17,43254,248,UK,Electronics,Accessories,86508
11466,S318,Shirt,1,2024-02-12,47176,576,Canada,Clothing,Tops,47176
11467,S716,Headphones,1,2024-02-06,25470,317,Canada,Electronics,Accessories,25470
11468,S926,Hoodie,3,2024-03-18,47141,980,India,Clothing,Tops,141423
11469,S302,Wardrobe,3,2024-02-10,53506,301,India,Furniture,Bedroom,160518
11470,S227,Microwave,3,2024-01-16,27806,563,USA,Electronics,Appliances,83418
11471,S391,DiningChair,2,2024-01-03,37975,118,Canada,Furniture,Dining,75950
11472,S137,Sandals,2,2024-02-21,55357,646,Canada,Clothing,Footwear,110714
11473,S949,Jacket,1,2024-01-13,30994,921,Germany,Clothing,Outerwear,30994
11474,S509,DiningChair,3,2024-02-14,49593,181,Canada,Furniture,Dining,148779
11475,S565,Microwave,4,2024-03-30,19758,605,India,Electronics,Appliances,79032
11476,S110,Laptop,2,2024-04-15,3334,242,India,Electronics,Computers,6668
11477,S841,Microwave,2,2024-01-25,5968,931,UK,Electronics,Appliances,11936
11478,S144,Sofa,3,2024-04-10,58089,213,India,Furniture,LivingRoom,174267
11479,S910,Desktop,3,2024-03-19,45283,931,Germany,Electronics,Computers,135849
11480,S229,Mouse,5,2024-01-16,30392,426,USA,Electronics,Accessories,151960
11481,S346,Wardrobe,1,2024-03-08,34394,691,Germany,Furniture,Bedroom,34394
11482,S594,Wardrobe,3,2024-04-03,50835,331,India,Furniture,Bedroom,152505
11483,S993,TV,3,2024-04-16,36802,348,USA,Electronics,Entertainment,110406
11484,S113,Sofa,4,2024-01-28,4149,786,USA,Furniture,LivingRoom,16596
11485,S313,Microwave,4,2024-02-13,7050,933,Canada,Electronics,Appliances,28200
11486,S968,DiningChair,4,2024-01-20,43145,616,India,Furniture,Dining,172580
11487,S735,Trousers,4,2024-04-21,29850,625,USA,Clothing,Bottoms,119400
11488,S802,Mouse,3,2024-01-22,27927,414,Canada,Electronics,Accessories,83781
11489,S862,Sofa,4,2024-01-14,57622,212,USA,Furniture,LivingRoom,230488
11490,S777,Shoes,3,2024-03-01,2073,643,Germany,Clothing,Footwear,6219
11491,S541,TV,5,2024-02-15,5709,317,USA,Electronics,Entertainment,28545
11492,S478,Refrigerator,1,2024-02-04,29123,200,India,Electronics,Appliances,29123
11493,S512,Wardrobe,2,2024-01-25,19467,280,Canada,Furniture,Bedroom,38934
11494,S761,Refrigerator,1,2024-01-07,44840,354,India,Electronics,Appliances,44840
11495,S344,T-shirt,1,2024-02-04,37898,167,Canada,Clothing,Tops,37898
11496,S514,Jacket,5,2024-04-01,46043,501,Germany,Clothing,Outerwear,230215
11497,S904,Trousers,4,2024-01-22,13681,308,UK,Clothing,Bottoms,54724
11498,S615,DiningChair,1,2024-01-24,6376,817,Canada,Furniture,Dining,6376
11499,S171,TV,2,2024-03-28,20851,270,USA,Electronics,Entertainment,41702
